timestamp,Y_kwh,X1_occupancy_proxy,X2_temp_out,X2_temp_pressure,X3_open,Y_lag_1,Y_lag_24
2025-01-02 00:00:00,61.1575,0.0,4.929,15.071,0.0,70.3777,15.8124
2025-01-02 01:00:00,54.6293,0.0,5.279,14.721,0.0,61.1575,22.165
2025-01-02 02:00:00,51.8918,0.0,5.835,14.165,0.0,54.6293,28.1995
2025-01-02 03:00:00,46.9987,0.0,6.56,13.440000000000001,0.0,51.8918,29.4969
2025-01-02 04:00:00,44.2889,0.0,7.404,12.596,0.0,46.9987,30.7716
2025-01-02 05:00:00,37.1928,0.0,8.31,11.69,0.0,44.2889,31.9977
2025-01-02 06:00:00,35.2585,0.0,9.216,10.784,0.0,37.1928,30.5532
2025-01-02 07:00:00,38.1228,0.0,10.06,9.94,0.0,35.2585,30.8863
2025-01-02 08:00:00,51.6739,48.048,10.785,9.215,1.0,38.1228,40.2853
2025-01-02 09:00:00,56.1508,41.553,11.341,8.659,1.0,51.6739,52.4491
2025-01-02 10:00:00,66.3218,79.341,11.691,8.309,1.0,56.1508,65.0369
2025-01-02 11:00:00,73.2163,95.129,11.81,8.19,1.0,66.3218,72.0914
2025-01-02 12:00:00,77.4591,94.058,11.691,8.309,1.0,73.2163,78.9084
2025-01-02 13:00:00,80.3586,122.727,11.341,8.659,1.0,77.4591,81.5842
2025-01-02 14:00:00,80.8582,124.44,10.785,9.215,1.0,80.3586,85.2821
2025-01-02 15:00:00,82.8625,123.95,10.06,9.94,1.0,80.8582,88.2309
2025-01-02 16:00:00,85.6896,132.779,9.216,10.784,1.0,82.8625,90.4872
2025-01-02 17:00:00,91.56,128.875,8.31,11.69,1.0,85.6896,92.5233
2025-01-02 18:00:00,90.3224,110.613,7.404,12.596,1.0,91.56,97.2345
2025-01-02 19:00:00,92.7979,78.348,6.56,13.440000000000001,1.0,90.3224,95.4627
2025-01-02 20:00:00,92.0292,73.466,5.835,14.165,1.0,92.7979,95.4538
2025-01-02 21:00:00,95.0766,46.784,5.279,14.721,1.0,92.0292,92.7883
2025-01-02 22:00:00,87.545,0.0,4.929,15.071,0.0,95.0766,77.9188
2025-01-02 23:00:00,72.6918,0.0,4.81,15.190000000000001,0.0,87.545,70.3777
2025-01-03 00:00:00,64.6252,0.0,5.084,14.916,0.0,72.6918,61.1575
2025-01-03 01:00:00,55.2161,0.0,5.433,14.567,0.0,64.6252,54.6293
2025-01-03 02:00:00,43.8267,0.0,5.99,14.01,0.0,55.2161,51.8918
2025-01-03 03:00:00,39.8963,0.0,6.715,13.285,0.0,43.8267,46.9987
2025-01-03 04:00:00,40.7305,0.0,7.559,12.440999999999999,0.0,39.8963,44.2889
2025-01-03 05:00:00,38.3168,0.0,8.465,11.535,0.0,40.7305,37.1928
2025-01-03 06:00:00,45.1153,0.0,9.37,10.63,0.0,38.3168,35.2585
2025-01-03 07:00:00,39.0865,0.0,10.215,9.785,0.0,45.1153,38.1228
2025-01-03 08:00:00,50.8212,33.322,10.939,9.061,1.0,39.0865,51.6739
2025-01-03 09:00:00,64.0276,61.858,11.496,8.504,1.0,50.8212,56.1508
2025-01-03 10:00:00,73.6452,82.151,11.845,8.155,1.0,64.0276,66.3218
2025-01-03 11:00:00,80.3423,104.203,11.965,8.035,1.0,73.6452,73.2163
2025-01-03 12:00:00,84.5862,106.916,11.845,8.155,1.0,80.3423,77.4591
2025-01-03 13:00:00,86.3266,118.55,11.496,8.504,1.0,84.5862,80.3586
2025-01-03 14:00:00,88.7774,132.553,10.939,9.061,1.0,86.3266,80.8582
2025-01-03 15:00:00,90.0613,112.135,10.215,9.785,1.0,88.7774,82.8625
2025-01-03 16:00:00,91.5923,120.542,9.37,10.63,1.0,90.0613,85.6896
2025-01-03 17:00:00,88.7056,117.599,8.465,11.535,1.0,91.5923,91.56
2025-01-03 18:00:00,89.3197,117.297,7.559,12.440999999999999,1.0,88.7056,90.3224
2025-01-03 19:00:00,92.5792,87.08,6.715,13.285,1.0,89.3197,92.7979
2025-01-03 20:00:00,92.1175,69.158,5.99,14.01,1.0,92.5792,92.0292
2025-01-03 21:00:00,92.6579,61.646,5.433,14.567,1.0,92.1175,95.0766
2025-01-03 22:00:00,78.0714,0.0,5.084,14.916,0.0,92.6579,87.545
2025-01-03 23:00:00,69.9431,0.0,4.965,15.035,0.0,78.0714,72.6918
2025-01-04 00:00:00,62.8952,0.0,5.238,14.762,0.0,69.9431,64.6252
2025-01-04 01:00:00,61.1223,0.0,5.588,14.411999999999999,0.0,62.8952,55.2161
2025-01-04 02:00:00,52.4037,0.0,6.144,13.856,0.0,61.1223,43.8267
2025-01-04 03:00:00,51.9177,0.0,6.869,13.131,0.0,52.4037,39.8963
2025-01-04 04:00:00,46.4892,0.0,7.713,12.286999999999999,0.0,51.9177,40.7305
2025-01-04 05:00:00,48.8152,0.0,8.619,11.381,0.0,46.4892,38.3168
2025-01-04 06:00:00,44.9449,0.0,9.525,10.475,0.0,48.8152,45.1153
2025-01-04 07:00:00,37.9508,0.0,10.369,9.631,0.0,44.9449,39.0865
2025-01-04 08:00:00,36.7323,0.0,11.094,8.906,0.0,37.9508,50.8212
2025-01-04 09:00:00,31.2841,0.0,11.65,8.35,0.0,36.7323,64.0276
2025-01-04 10:00:00,44.1399,51.763,12.0,8.0,1.0,31.2841,73.6452
2025-01-04 11:00:00,57.3482,55.29,12.119,7.881,1.0,44.1399,80.3423
2025-01-04 12:00:00,64.463,62.096,12.0,8.0,1.0,57.3482,84.5862
2025-01-04 13:00:00,77.6779,76.377,11.65,8.35,1.0,64.463,86.3266
2025-01-04 14:00:00,80.0684,90.439,11.094,8.906,1.0,77.6779,88.7774
2025-01-04 15:00:00,87.2282,96.503,10.369,9.631,1.0,80.0684,90.0613
2025-01-04 16:00:00,87.1017,97.896,9.525,10.475,1.0,87.2282,91.5923
2025-01-04 17:00:00,92.3403,69.948,8.619,11.381,1.0,87.1017,88.7056
2025-01-04 18:00:00,78.8076,0.0,7.713,12.286999999999999,0.0,92.3403,89.3197
2025-01-04 19:00:00,64.0544,0.0,6.869,13.131,0.0,78.8076,92.5792
2025-01-04 20:00:00,58.8884,0.0,6.144,13.856,0.0,64.0544,92.1175
2025-01-04 21:00:00,54.6163,0.0,5.588,14.411999999999999,0.0,58.8884,92.6579
2025-01-04 22:00:00,49.0055,0.0,5.238,14.762,0.0,54.6163,78.0714
2025-01-04 23:00:00,48.4935,0.0,5.119,14.881,0.0,49.0055,69.9431
2025-01-05 00:00:00,50.464,0.0,5.393,14.607,0.0,48.4935,62.8952
2025-01-05 01:00:00,52.8435,0.0,5.743,14.257,0.0,50.464,61.1223
2025-01-05 02:00:00,50.9774,0.0,6.299,13.701,0.0,52.8435,52.4037
2025-01-05 03:00:00,47.9162,0.0,7.024,12.975999999999999,0.0,50.9774,51.9177
2025-01-05 04:00:00,42.0071,0.0,7.868,12.132,0.0,47.9162,46.4892
2025-01-05 05:00:00,36.9545,0.0,8.774,11.226,0.0,42.0071,48.8152
2025-01-05 06:00:00,36.4585,0.0,9.68,10.32,0.0,36.9545,44.9449
2025-01-05 07:00:00,34.8208,0.0,10.524,9.476,0.0,36.4585,37.9508
2025-01-05 08:00:00,38.9794,0.0,11.249,8.751,0.0,34.8208,36.7323
2025-01-05 09:00:00,32.1355,0.0,11.805,8.195,0.0,38.9794,31.2841
2025-01-05 10:00:00,48.7409,57.367,12.154,7.846,1.0,32.1355,44.1399
2025-01-05 11:00:00,58.113,57.669,12.274,7.726000000000001,1.0,48.7409,57.3482
2025-01-05 12:00:00,65.1126,77.17,12.154,7.846,1.0,58.113,64.463
2025-01-05 13:00:00,73.6067,76.321,11.805,8.195,1.0,65.1126,77.6779
2025-01-05 14:00:00,80.6864,78.053,11.249,8.751,1.0,73.6067,80.0684
2025-01-05 15:00:00,82.0218,83.715,10.524,9.476,1.0,80.6864,87.2282
2025-01-05 16:00:00,85.2378,95.926,9.68,10.32,1.0,82.0218,87.1017
2025-01-05 17:00:00,89.869,66.222,8.774,11.226,1.0,85.2378,92.3403
2025-01-05 18:00:00,71.5757,0.0,7.868,12.132,0.0,89.869,78.8076
2025-01-05 19:00:00,59.6604,0.0,7.024,12.975999999999999,0.0,71.5757,64.0544
2025-01-05 20:00:00,56.6002,0.0,6.299,13.701,0.0,59.6604,58.8884
2025-01-05 21:00:00,52.4309,0.0,5.743,14.257,0.0,56.6002,54.6163
2025-01-05 22:00:00,49.4716,0.0,5.393,14.607,0.0,52.4309,49.0055
2025-01-05 23:00:00,42.9576,0.0,5.274,14.725999999999999,0.0,49.4716,48.4935
2025-01-06 00:00:00,46.3363,0.0,5.547,14.453,0.0,42.9576,50.464
2025-01-06 01:00:00,43.5443,0.0,5.897,14.103,0.0,46.3363,52.8435
2025-01-06 02:00:00,42.7845,0.0,6.453,13.547,0.0,43.5443,50.9774
2025-01-06 03:00:00,42.5779,0.0,7.178,12.822,0.0,42.7845,47.9162
2025-01-06 04:00:00,42.5944,0.0,8.022,11.978,0.0,42.5779,42.0071
2025-01-06 05:00:00,39.0045,0.0,8.928,11.072,0.0,42.5944,36.9545
2025-01-06 06:00:00,35.1096,0.0,9.834,10.166,0.0,39.0045,36.4585
2025-01-06 07:00:00,30.5879,0.0,10.678,9.322,0.0,35.1096,34.8208
2025-01-06 08:00:00,49.986,43.953,11.403,8.597,1.0,30.5879,38.9794
2025-01-06 09:00:00,60.3729,71.861,11.959,8.041,1.0,49.986,32.1355
2025-01-06 10:00:00,68.5505,86.121,12.309,7.691000000000001,1.0,60.3729,48.7409
2025-01-06 11:00:00,75.6955,102.802,12.428,7.571999999999999,1.0,68.5505,58.113
2025-01-06 12:00:00,81.9174,112.137,12.309,7.691000000000001,1.0,75.6955,65.1126
2025-01-06 13:00:00,83.5974,119.953,11.959,8.041,1.0,81.9174,73.6067
2025-01-06 14:00:00,85.8129,129.432,11.403,8.597,1.0,83.5974,80.6864
2025-01-06 15:00:00,83.6762,116.457,10.678,9.322,1.0,85.8129,82.0218
2025-01-06 16:00:00,90.3379,143.803,9.834,10.166,1.0,83.6762,85.2378
2025-01-06 17:00:00,88.5017,123.416,8.928,11.072,1.0,90.3379,89.869
2025-01-06 18:00:00,86.6347,111.449,8.022,11.978,1.0,88.5017,71.5757
2025-01-06 19:00:00,84.8424,88.112,7.178,12.822,1.0,86.6347,59.6604
2025-01-06 20:00:00,88.8329,85.527,6.453,13.547,1.0,84.8424,56.6002
2025-01-06 21:00:00,93.9562,53.543,5.897,14.103,1.0,88.8329,52.4309
2025-01-06 22:00:00,77.1987,0.0,5.547,14.453,0.0,93.9562,49.4716
2025-01-06 23:00:00,67.8119,0.0,5.428,14.572,0.0,77.1987,42.9576
2025-01-07 00:00:00,58.3546,0.0,5.701,14.299,0.0,67.8119,46.3363
2025-01-07 01:00:00,55.4447,0.0,6.051,13.949,0.0,58.3546,43.5443
2025-01-07 02:00:00,48.8124,0.0,6.607,13.393,0.0,55.4447,42.7845
2025-01-07 03:00:00,48.348,0.0,7.332,12.668,0.0,48.8124,42.5779
2025-01-07 04:00:00,42.5703,0.0,8.176,11.824,0.0,48.348,42.5944
2025-01-07 05:00:00,45.0732,0.0,9.082,10.918,0.0,42.5703,39.0045
2025-01-07 06:00:00,45.0048,0.0,9.988,10.012,0.0,45.0732,35.1096
2025-01-07 07:00:00,43.9932,0.0,10.832,9.168,0.0,45.0048,30.5879
2025-01-07 08:00:00,56.1368,41.078,11.557,8.443,1.0,43.9932,49.986
2025-01-07 09:00:00,66.2726,71.126,12.113,7.8870000000000005,1.0,56.1368,60.3729
2025-01-07 10:00:00,71.2063,66.718,12.463,7.537000000000001,1.0,66.2726,68.5505
2025-01-07 11:00:00,75.8888,88.959,12.582,7.417999999999999,1.0,71.2063,75.6955
2025-01-07 12:00:00,75.9083,103.524,12.463,7.537000000000001,1.0,75.8888,81.9174
2025-01-07 13:00:00,81.3032,122.288,12.113,7.8870000000000005,1.0,75.9083,83.5974
2025-01-07 14:00:00,83.2305,123.064,11.557,8.443,1.0,81.3032,85.8129
2025-01-07 15:00:00,83.724,132.022,10.832,9.168,1.0,83.2305,83.6762
2025-01-07 16:00:00,85.5544,134.765,9.988,10.012,1.0,83.724,90.3379
2025-01-07 17:00:00,85.2184,122.19,9.082,10.918,1.0,85.5544,88.5017
2025-01-07 18:00:00,83.0898,115.956,8.176,11.824,1.0,85.2184,86.6347
2025-01-07 19:00:00,86.3513,83.039,7.332,12.668,1.0,83.0898,84.8424
2025-01-07 20:00:00,89.9135,64.719,6.607,13.393,1.0,86.3513,88.8329
2025-01-07 21:00:00,92.7269,50.733,6.051,13.949,1.0,89.9135,93.9562
2025-01-07 22:00:00,82.3813,0.0,5.701,14.299,0.0,92.7269,77.1987
2025-01-07 23:00:00,69.9673,0.0,5.582,14.418,0.0,82.3813,67.8119
2025-01-08 00:00:00,62.0289,0.0,5.855,14.145,0.0,69.9673,58.3546
2025-01-08 01:00:00,52.4174,0.0,6.204,13.796,0.0,62.0289,55.4447
2025-01-08 02:00:00,46.0088,0.0,6.761,13.239,0.0,52.4174,48.8124
2025-01-08 03:00:00,41.3875,0.0,7.486,12.514,0.0,46.0088,48.348
2025-01-08 04:00:00,37.6652,0.0,8.33,11.67,0.0,41.3875,42.5703
2025-01-08 05:00:00,32.9904,0.0,9.236,10.764,0.0,37.6652,45.0732
2025-01-08 06:00:00,29.1849,0.0,10.141,9.859,0.0,32.9904,45.0048
2025-01-08 07:00:00,28.6978,0.0,10.986,9.014,0.0,29.1849,43.9932
2025-01-08 08:00:00,42.6428,35.362,11.71,8.29,1.0,28.6978,56.1368
2025-01-08 09:00:00,56.5951,63.778,12.267,7.7330000000000005,1.0,42.6428,66.2726
2025-01-08 10:00:00,66.7647,80.622,12.616,7.384,1.0,56.5951,71.2063
2025-01-08 11:00:00,70.5201,90.585,12.736,7.263999999999999,1.0,66.7647,75.8888
2025-01-08 12:00:00,76.9208,99.706,12.616,7.384,1.0,70.5201,75.9083
2025-01-08 13:00:00,83.2984,107.461,12.267,7.7330000000000005,1.0,76.9208,81.3032
2025-01-08 14:00:00,79.6968,123.262,11.71,8.29,1.0,83.2984,83.2305
2025-01-08 15:00:00,83.8386,125.514,10.986,9.014,1.0,79.6968,83.724
2025-01-08 16:00:00,87.4091,123.558,10.141,9.859,1.0,83.8386,85.5544
2025-01-08 17:00:00,88.6384,115.407,9.236,10.764,1.0,87.4091,85.2184
2025-01-08 18:00:00,86.4684,120.958,8.33,11.67,1.0,88.6384,83.0898
2025-01-08 19:00:00,84.3659,96.019,7.486,12.514,1.0,86.4684,86.3513
2025-01-08 20:00:00,88.7195,51.194,6.761,13.239,1.0,84.3659,89.9135
2025-01-08 21:00:00,95.7768,43.912,6.204,13.796,1.0,88.7195,92.7269
2025-01-08 22:00:00,79.5375,0.0,5.855,14.145,0.0,95.7768,82.3813
2025-01-08 23:00:00,74.4005,0.0,5.736,14.264,0.0,79.5375,69.9673
2025-01-09 00:00:00,67.73,0.0,6.008,13.992,0.0,74.4005,62.0289
2025-01-09 01:00:00,66.887,0.0,6.358,13.642,0.0,67.73,52.4174
2025-01-09 02:00:00,56.5326,0.0,6.914,13.086,0.0,66.887,46.0088
2025-01-09 03:00:00,48.7966,0.0,7.639,12.361,0.0,56.5326,41.3875
2025-01-09 04:00:00,47.4114,0.0,8.483,11.517,0.0,48.7966,37.6652
2025-01-09 05:00:00,44.3145,0.0,9.389,10.611,0.0,47.4114,32.9904
2025-01-09 06:00:00,41.3412,0.0,10.295,9.705,0.0,44.3145,29.1849
2025-01-09 07:00:00,44.319,0.0,11.139,8.861,0.0,41.3412,28.6978
2025-01-09 08:00:00,49.7887,31.795,11.864,8.136,1.0,44.319,42.6428
2025-01-09 09:00:00,60.3415,55.647,12.42,7.58,1.0,49.7887,56.5951
2025-01-09 10:00:00,66.3004,85.871,12.77,7.23,1.0,60.3415,66.7647
2025-01-09 11:00:00,72.866,91.679,12.889,7.111000000000001,1.0,66.3004,70.5201
2025-01-09 12:00:00,73.7043,116.115,12.77,7.23,1.0,72.866,76.9208
2025-01-09 13:00:00,81.1249,116.86,12.42,7.58,1.0,73.7043,83.2984
2025-01-09 14:00:00,83.3292,130.754,11.864,8.136,1.0,81.1249,79.6968
2025-01-09 15:00:00,81.8217,130.407,11.139,8.861,1.0,83.3292,83.8386
2025-01-09 16:00:00,85.8182,123.233,10.295,9.705,1.0,81.8217,87.4091
2025-01-09 17:00:00,85.7129,122.179,9.389,10.611,1.0,85.8182,88.6384
2025-01-09 18:00:00,85.2467,106.108,8.483,11.517,1.0,85.7129,86.4684
2025-01-09 19:00:00,87.1047,80.581,7.639,12.361,1.0,85.2467,84.3659
2025-01-09 20:00:00,90.401,61.864,6.914,13.086,1.0,87.1047,88.7195
2025-01-09 21:00:00,94.0558,42.295,6.358,13.642,1.0,90.401,95.7768
2025-01-09 22:00:00,77.0326,0.0,6.008,13.992,0.0,94.0558,79.5375
2025-01-09 23:00:00,65.5048,0.0,5.889,14.111,0.0,77.0326,74.4005
2025-01-10 00:00:00,57.8477,0.0,6.161,13.839,0.0,65.5048,67.73
2025-01-10 01:00:00,51.851,0.0,6.511,13.489,0.0,57.8477,66.887
2025-01-10 02:00:00,47.0656,0.0,7.067,12.933,0.0,51.851,56.5326
2025-01-10 03:00:00,38.9885,0.0,7.792,12.208,0.0,47.0656,48.7966
2025-01-10 04:00:00,34.6959,0.0,8.636,11.364,0.0,38.9885,47.4114
2025-01-10 05:00:00,36.5152,0.0,9.542,10.458,0.0,34.6959,44.3145
2025-01-10 06:00:00,37.1378,0.0,10.448,9.552,0.0,36.5152,41.3412
2025-01-10 07:00:00,34.5789,0.0,11.292,8.708,0.0,37.1378,44.319
2025-01-10 08:00:00,45.7481,32.368,12.017,7.9830000000000005,1.0,34.5789,49.7887
2025-01-10 09:00:00,59.0637,55.759,12.573,7.427,1.0,45.7481,60.3415
2025-01-10 10:00:00,63.6642,69.742,12.922,7.077999999999999,1.0,59.0637,66.3004
2025-01-10 11:00:00,69.8279,94.17,13.042,6.958,1.0,63.6642,72.866
2025-01-10 12:00:00,78.7272,113.118,12.922,7.077999999999999,1.0,69.8279,73.7043
2025-01-10 13:00:00,76.2394,136.637,12.573,7.427,1.0,78.7272,81.1249
2025-01-10 14:00:00,80.0928,123.292,12.017,7.9830000000000005,1.0,76.2394,83.3292
2025-01-10 15:00:00,81.3045,122.674,11.292,8.708,1.0,80.0928,81.8217
2025-01-10 16:00:00,82.914,133.105,10.448,9.552,1.0,81.3045,85.8182
2025-01-10 17:00:00,84.1895,133.7,9.542,10.458,1.0,82.914,85.7129
2025-01-10 18:00:00,86.3573,106.334,8.636,11.364,1.0,84.1895,85.2467
2025-01-10 19:00:00,93.0953,86.303,7.792,12.208,1.0,86.3573,87.1047
2025-01-10 20:00:00,94.7454,75.3,7.067,12.933,1.0,93.0953,90.401
2025-01-10 21:00:00,95.1818,49.856,6.511,13.489,1.0,94.7454,94.0558
2025-01-10 22:00:00,76.5399,0.0,6.161,13.839,0.0,95.1818,77.0326
2025-01-10 23:00:00,70.0846,0.0,6.042,13.958,0.0,76.5399,65.5048
2025-01-11 00:00:00,61.1051,0.0,6.313,13.687000000000001,0.0,70.0846,57.8477
2025-01-11 01:00:00,53.2412,0.0,6.663,13.337,0.0,61.1051,51.851
2025-01-11 02:00:00,47.2808,0.0,7.219,12.780999999999999,0.0,53.2412,47.0656
2025-01-11 03:00:00,45.8713,0.0,7.944,12.056000000000001,0.0,47.2808,38.9885
2025-01-11 04:00:00,41.2829,0.0,8.788,11.212,0.0,45.8713,34.6959
2025-01-11 05:00:00,39.188,0.0,9.694,10.306,0.0,41.2829,36.5152
2025-01-11 06:00:00,37.916,0.0,10.6,9.4,0.0,39.188,37.1378
2025-01-11 07:00:00,36.1227,0.0,11.444,8.556,0.0,37.916,34.5789
2025-01-11 08:00:00,35.7992,0.0,12.169,7.8309999999999995,0.0,36.1227,45.7481
2025-01-11 09:00:00,30.8113,0.0,12.725,7.275,0.0,35.7992,59.0637
2025-01-11 10:00:00,46.6579,58.835,13.075,6.925000000000001,1.0,30.8113,63.6642
2025-01-11 11:00:00,57.8059,78.207,13.194,6.805999999999999,1.0,46.6579,69.8279
2025-01-11 12:00:00,67.0402,65.025,13.075,6.925000000000001,1.0,57.8059,78.7272
2025-01-11 13:00:00,74.6627,89.549,12.725,7.275,1.0,67.0402,76.2394
2025-01-11 14:00:00,78.1318,81.478,12.169,7.8309999999999995,1.0,74.6627,80.0928
2025-01-11 15:00:00,81.2706,78.447,11.444,8.556,1.0,78.1318,81.3045
2025-01-11 16:00:00,85.5362,92.802,10.6,9.4,1.0,81.2706,82.914
2025-01-11 17:00:00,88.9485,78.478,9.694,10.306,1.0,85.5362,84.1895
2025-01-11 18:00:00,72.0532,0.0,8.788,11.212,0.0,88.9485,86.3573
2025-01-11 19:00:00,63.4205,0.0,7.944,12.056000000000001,0.0,72.0532,93.0953
2025-01-11 20:00:00,54.542,0.0,7.219,12.780999999999999,0.0,63.4205,94.7454
2025-01-11 21:00:00,47.493,0.0,6.663,13.337,0.0,54.542,95.1818
2025-01-11 22:00:00,42.7928,0.0,6.313,13.687000000000001,0.0,47.493,76.5399
2025-01-11 23:00:00,42.8413,0.0,6.194,13.806000000000001,0.0,42.7928,70.0846
2025-01-12 00:00:00,36.6492,0.0,6.465,13.535,0.0,42.8413,61.1051
2025-01-12 01:00:00,38.0845,0.0,6.815,13.184999999999999,0.0,36.6492,53.2412
2025-01-12 02:00:00,41.2327,0.0,7.371,12.629,0.0,38.0845,47.2808
2025-01-12 03:00:00,40.7686,0.0,8.096,11.904,0.0,41.2327,45.8713
2025-01-12 04:00:00,36.4163,0.0,8.94,11.06,0.0,40.7686,41.2829
2025-01-12 05:00:00,37.7037,0.0,9.846,10.154,0.0,36.4163,39.188
2025-01-12 06:00:00,35.7056,0.0,10.752,9.248,0.0,37.7037,37.916
2025-01-12 07:00:00,34.0567,0.0,11.596,8.404,0.0,35.7056,36.1227
2025-01-12 08:00:00,35.3448,0.0,12.321,7.679,0.0,34.0567,35.7992
2025-01-12 09:00:00,33.7323,0.0,12.877,7.122999999999999,0.0,35.3448,30.8113
2025-01-12 10:00:00,46.9045,67.972,13.227,6.773,1.0,33.7323,46.6579
2025-01-12 11:00:00,55.4044,55.474,13.346,6.654,1.0,46.9045,57.8059
2025-01-12 12:00:00,61.8286,79.794,13.227,6.773,1.0,55.4044,67.0402
2025-01-12 13:00:00,70.3007,83.302,12.877,7.122999999999999,1.0,61.8286,74.6627
2025-01-12 14:00:00,79.8689,98.609,12.321,7.679,1.0,70.3007,78.1318
2025-01-12 15:00:00,80.0422,82.372,11.596,8.404,1.0,79.8689,81.2706
2025-01-12 16:00:00,85.7786,82.074,10.752,9.248,1.0,80.0422,85.5362
2025-01-12 17:00:00,86.2906,75.656,9.846,10.154,1.0,85.7786,88.9485
2025-01-12 18:00:00,74.2415,0.0,8.94,11.06,0.0,86.2906,72.0532
2025-01-12 19:00:00,65.2648,0.0,8.096,11.904,0.0,74.2415,63.4205
2025-01-12 20:00:00,58.7437,0.0,7.371,12.629,0.0,65.2648,54.542
2025-01-12 21:00:00,55.1585,0.0,6.815,13.184999999999999,0.0,58.7437,47.493
2025-01-12 22:00:00,52.094,0.0,6.465,13.535,0.0,55.1585,42.7928
2025-01-12 23:00:00,43.6095,0.0,6.346,13.654,0.0,52.094,42.8413
2025-01-13 00:00:00,37.4012,0.0,6.617,13.383,0.0,43.6095,36.6492
2025-01-13 01:00:00,36.1326,0.0,6.966,13.033999999999999,0.0,37.4012,38.0845
2025-01-13 02:00:00,37.0394,0.0,7.522,12.478,0.0,36.1326,41.2327
2025-01-13 03:00:00,36.503,0.0,8.247,11.753,0.0,37.0394,40.7686
2025-01-13 04:00:00,35.5172,0.0,9.091,10.909,0.0,36.503,36.4163
2025-01-13 05:00:00,37.2963,0.0,9.997,10.003,0.0,35.5172,37.7037
2025-01-13 06:00:00,28.4255,0.0,10.903,9.097,0.0,37.2963,35.7056
2025-01-13 07:00:00,25.2081,0.0,11.747,8.253,0.0,28.4255,34.0567
2025-01-13 08:00:00,35.4499,34.844,12.472,7.5280000000000005,1.0,25.2081,35.3448
2025-01-13 09:00:00,47.9706,57.152,13.028,6.9719999999999995,1.0,35.4499,33.7323
2025-01-13 10:00:00,64.6972,67.075,13.378,6.622,1.0,47.9706,46.9045
2025-01-13 11:00:00,70.538,93.869,13.497,6.503,1.0,64.6972,55.4044
2025-01-13 12:00:00,78.5774,117.731,13.378,6.622,1.0,70.538,61.8286
2025-01-13 13:00:00,88.4625,128.093,13.028,6.9719999999999995,1.0,78.5774,70.3007
2025-01-13 14:00:00,89.5302,130.898,12.472,7.5280000000000005,1.0,88.4625,79.8689
2025-01-13 15:00:00,91.1375,137.327,11.747,8.253,1.0,89.5302,80.0422
2025-01-13 16:00:00,91.651,131.56,10.903,9.097,1.0,91.1375,85.7786
2025-01-13 17:00:00,90.0793,133.257,9.997,10.003,1.0,91.651,86.2906
2025-01-13 18:00:00,90.0199,110.742,9.091,10.909,1.0,90.0793,74.2415
2025-01-13 19:00:00,91.62,100.285,8.247,11.753,1.0,90.0199,65.2648
2025-01-13 20:00:00,88.7582,70.394,7.522,12.478,1.0,91.62,58.7437
2025-01-13 21:00:00,87.815,47.713,6.966,13.033999999999999,1.0,88.7582,55.1585
2025-01-13 22:00:00,82.3669,0.0,6.617,13.383,0.0,87.815,52.094
2025-01-13 23:00:00,73.7798,0.0,6.497,13.503,0.0,82.3669,43.6095
2025-01-14 00:00:00,65.7339,0.0,6.767,13.233,0.0,73.7798,37.4012
2025-01-14 01:00:00,58.3118,0.0,7.117,12.883,0.0,65.7339,36.1326
2025-01-14 02:00:00,50.792,0.0,7.673,12.327,0.0,58.3118,37.0394
2025-01-14 03:00:00,52.5591,0.0,8.398,11.602,0.0,50.792,36.503
2025-01-14 04:00:00,49.0082,0.0,9.242,10.758,0.0,52.5591,35.5172
2025-01-14 05:00:00,47.7455,0.0,10.148,9.852,0.0,49.0082,37.2963
2025-01-14 06:00:00,40.7092,0.0,11.054,8.946,0.0,47.7455,28.4255
2025-01-14 07:00:00,37.7528,0.0,11.898,8.102,0.0,40.7092,25.2081
2025-01-14 08:00:00,46.4953,32.939,12.623,7.377000000000001,1.0,37.7528,35.4499
2025-01-14 09:00:00,61.0002,67.298,13.179,6.821,1.0,46.4953,47.9706
2025-01-14 10:00:00,67.4791,80.054,13.529,6.471,1.0,61.0002,64.6972
2025-01-14 11:00:00,71.3788,99.068,13.648,6.352,1.0,67.4791,70.538
2025-01-14 12:00:00,74.5769,101.098,13.529,6.471,1.0,71.3788,78.5774
2025-01-14 13:00:00,85.9491,136.671,13.179,6.821,1.0,74.5769,88.4625
2025-01-14 14:00:00,84.2584,110.604,12.623,7.377000000000001,1.0,85.9491,89.5302
2025-01-14 15:00:00,89.0418,119.422,11.898,8.102,1.0,84.2584,91.1375
2025-01-14 16:00:00,89.151,136.03,11.054,8.946,1.0,89.0418,91.651
2025-01-14 17:00:00,89.3539,124.792,10.148,9.852,1.0,89.151,90.0793
2025-01-14 18:00:00,90.8993,111.517,9.242,10.758,1.0,89.3539,90.0199
2025-01-14 19:00:00,90.5585,92.688,8.398,11.602,1.0,90.8993,91.62
2025-01-14 20:00:00,94.2775,67.316,7.673,12.327,1.0,90.5585,88.7582
2025-01-14 21:00:00,92.8228,39.216,7.117,12.883,1.0,94.2775,87.815
2025-01-14 22:00:00,79.3537,0.0,6.767,13.233,0.0,92.8228,82.3669
2025-01-14 23:00:00,67.3367,0.0,6.648,13.352,0.0,79.3537,73.7798
2025-01-15 00:00:00,55.756,0.0,6.917,13.083,0.0,67.3367,65.7339
2025-01-15 01:00:00,53.4255,0.0,7.267,12.733,0.0,55.756,58.3118
2025-01-15 02:00:00,47.8006,0.0,7.823,12.177,0.0,53.4255,50.792
2025-01-15 03:00:00,44.4482,0.0,8.548,11.452,0.0,47.8006,52.5591
2025-01-15 04:00:00,42.7332,0.0,9.392,10.608,0.0,44.4482,49.0082
2025-01-15 05:00:00,34.3463,0.0,10.298,9.702,0.0,42.7332,47.7455
2025-01-15 06:00:00,34.726,0.0,11.204,8.796,0.0,34.3463,40.7092
2025-01-15 07:00:00,32.5324,0.0,12.048,7.952,0.0,34.726,37.7528
2025-01-15 08:00:00,46.2111,45.817,12.773,7.227,1.0,32.5324,46.4953
2025-01-15 09:00:00,60.3546,64.441,13.329,6.670999999999999,1.0,46.2111,61.0002
2025-01-15 10:00:00,72.0622,71.234,13.679,6.321,1.0,60.3546,67.4791
2025-01-15 11:00:00,77.0941,93.285,13.798,6.202,1.0,72.0622,71.3788
2025-01-15 12:00:00,84.8841,114.263,13.679,6.321,1.0,77.0941,74.5769
2025-01-15 13:00:00,90.477,123.244,13.329,6.670999999999999,1.0,84.8841,85.9491
2025-01-15 14:00:00,88.4786,126.118,12.773,7.227,1.0,90.477,84.2584
2025-01-15 15:00:00,89.1642,117.334,12.048,7.952,1.0,88.4786,89.0418
2025-01-15 16:00:00,89.4244,127.079,11.204,8.796,1.0,89.1642,89.151
2025-01-15 17:00:00,86.8574,131.153,10.298,9.702,1.0,89.4244,89.3539
2025-01-15 18:00:00,88.5207,110.444,9.392,10.608,1.0,86.8574,90.8993
2025-01-15 19:00:00,90.7815,93.763,8.548,11.452,1.0,88.5207,90.5585
2025-01-15 20:00:00,94.3826,74.374,7.823,12.177,1.0,90.7815,94.2775
2025-01-15 21:00:00,95.3932,40.553,7.267,12.733,1.0,94.3826,92.8228
2025-01-15 22:00:00,77.6926,0.0,6.917,13.083,0.0,95.3932,79.3537
2025-01-15 23:00:00,64.696,0.0,6.798,13.202,0.0,77.6926,67.3367
2025-01-16 00:00:00,56.6414,0.0,7.067,12.933,0.0,64.696,55.756
2025-01-16 01:00:00,51.0466,0.0,7.417,12.583,0.0,56.6414,53.4255
2025-01-16 02:00:00,46.5978,0.0,7.973,12.027000000000001,0.0,51.0466,47.8006
2025-01-16 03:00:00,40.1101,0.0,8.698,11.302,0.0,46.5978,44.4482
2025-01-16 04:00:00,39.1849,0.0,9.542,10.458,0.0,40.1101,42.7332
2025-01-16 05:00:00,37.3807,0.0,10.448,9.552,0.0,39.1849,34.3463
2025-01-16 06:00:00,34.8241,0.0,11.353,8.647,0.0,37.3807,34.726
2025-01-16 07:00:00,31.4665,0.0,12.198,7.802,0.0,34.8241,32.5324
2025-01-16 08:00:00,48.1758,46.885,12.922,7.077999999999999,1.0,31.4665,46.2111
2025-01-16 09:00:00,57.8764,44.713,13.479,6.521000000000001,1.0,48.1758,60.3546
2025-01-16 10:00:00,63.8589,75.705,13.828,6.172000000000001,1.0,57.8764,72.0622
2025-01-16 11:00:00,72.7391,83.873,13.948,6.052,1.0,63.8589,77.0941
2025-01-16 12:00:00,79.5867,109.985,13.828,6.172000000000001,1.0,72.7391,84.8841
2025-01-16 13:00:00,80.7381,131.03,13.479,6.521000000000001,1.0,79.5867,90.477
2025-01-16 14:00:00,82.8929,132.016,12.922,7.077999999999999,1.0,80.7381,88.4786
2025-01-16 15:00:00,86.1201,124.904,12.198,7.802,1.0,82.8929,89.1642
2025-01-16 16:00:00,88.0028,147.798,11.353,8.647,1.0,86.1201,89.4244
2025-01-16 17:00:00,89.1394,122.828,10.448,9.552,1.0,88.0028,86.8574
2025-01-16 18:00:00,93.6212,104.909,9.542,10.458,1.0,89.1394,88.5207
2025-01-16 19:00:00,93.0386,107.528,8.698,11.302,1.0,93.6212,90.7815
2025-01-16 20:00:00,89.4684,52.326,7.973,12.027000000000001,1.0,93.0386,94.3826
2025-01-16 21:00:00,92.9749,52.75,7.417,12.583,1.0,89.4684,95.3932
2025-01-16 22:00:00,78.3406,0.0,7.067,12.933,0.0,92.9749,77.6926
2025-01-16 23:00:00,65.8673,0.0,6.948,13.052,0.0,78.3406,64.696
2025-01-17 00:00:00,60.8433,0.0,7.216,12.783999999999999,0.0,65.8673,56.6414
2025-01-17 01:00:00,53.1235,0.0,7.565,12.434999999999999,0.0,60.8433,51.0466
2025-01-17 02:00:00,47.6953,0.0,8.121,11.879,0.0,53.1235,46.5978
2025-01-17 03:00:00,43.9537,0.0,8.846,11.154,0.0,47.6953,40.1101
2025-01-17 04:00:00,40.276,0.0,9.69,10.31,0.0,43.9537,39.1849
2025-01-17 05:00:00,38.3527,0.0,10.596,9.404,0.0,40.276,37.3807
2025-01-17 06:00:00,33.2406,0.0,11.502,8.498,0.0,38.3527,34.8241
2025-01-17 07:00:00,29.3464,0.0,12.346,7.654,0.0,33.2406,31.4665
2025-01-17 08:00:00,46.6813,41.377,13.071,6.929,1.0,29.3464,48.1758
2025-01-17 09:00:00,59.7804,58.73,13.627,6.372999999999999,1.0,46.6813,57.8764
2025-01-17 10:00:00,69.2763,76.357,13.977,6.023,1.0,59.7804,63.8589
2025-01-17 11:00:00,75.8034,97.822,14.096,5.904,1.0,69.2763,72.7391
2025-01-17 12:00:00,79.8414,104.305,13.977,6.023,1.0,75.8034,79.5867
2025-01-17 13:00:00,84.0343,130.158,13.627,6.372999999999999,1.0,79.8414,80.7381
2025-01-17 14:00:00,85.2284,114.155,13.071,6.929,1.0,84.0343,82.8929
2025-01-17 15:00:00,87.1605,135.354,12.346,7.654,1.0,85.2284,86.1201
2025-01-17 16:00:00,91.3646,135.907,11.502,8.498,1.0,87.1605,88.0028
2025-01-17 17:00:00,90.6738,144.218,10.596,9.404,1.0,91.3646,89.1394
2025-01-17 18:00:00,91.6641,121.686,9.69,10.31,1.0,90.6738,93.6212
2025-01-17 19:00:00,93.0289,91.618,8.846,11.154,1.0,91.6641,93.0386
2025-01-17 20:00:00,92.2021,75.063,8.121,11.879,1.0,93.0289,89.4684
2025-01-17 21:00:00,92.76,46.395,7.565,12.434999999999999,1.0,92.2021,92.9749
2025-01-17 22:00:00,78.1488,0.0,7.216,12.783999999999999,0.0,92.76,78.3406
2025-01-17 23:00:00,68.5725,0.0,7.096,12.904,0.0,78.1488,65.8673
2025-01-18 00:00:00,62.922,0.0,7.364,12.636,0.0,68.5725,60.8433
2025-01-18 01:00:00,59.4044,0.0,7.713,12.286999999999999,0.0,62.922,53.1235
2025-01-18 02:00:00,53.1882,0.0,8.269,11.731,0.0,59.4044,47.6953
2025-01-18 03:00:00,45.4254,0.0,8.994,11.006,0.0,53.1882,43.9537
2025-01-18 04:00:00,39.7777,0.0,9.838,10.162,0.0,45.4254,40.276
2025-01-18 05:00:00,35.8249,0.0,10.744,9.256,0.0,39.7777,38.3527
2025-01-18 06:00:00,29.4668,0.0,11.65,8.35,0.0,35.8249,33.2406
2025-01-18 07:00:00,27.6386,0.0,12.494,7.506,0.0,29.4668,29.3464
2025-01-18 08:00:00,27.1894,0.0,13.219,6.781000000000001,0.0,27.6386,46.6813
2025-01-18 09:00:00,31.949,0.0,13.775,6.225,0.0,27.1894,59.7804
2025-01-18 10:00:00,43.3317,63.294,14.125,5.875,1.0,31.949,69.2763
2025-01-18 11:00:00,52.5248,47.462,14.244,5.756,1.0,43.3317,75.8034
2025-01-18 12:00:00,67.8834,51.099,14.125,5.875,1.0,52.5248,79.8414
2025-01-18 13:00:00,77.0478,71.453,13.775,6.225,1.0,67.8834,84.0343
2025-01-18 14:00:00,79.1151,69.19,13.219,6.781000000000001,1.0,77.0478,85.2284
2025-01-18 15:00:00,82.1028,82.292,12.494,7.506,1.0,79.1151,87.1605
2025-01-18 16:00:00,84.7782,84.723,11.65,8.35,1.0,82.1028,91.3646
2025-01-18 17:00:00,87.913,77.273,10.744,9.256,1.0,84.7782,90.6738
2025-01-18 18:00:00,74.3024,0.0,9.838,10.162,0.0,87.913,91.6641
2025-01-18 19:00:00,63.7655,0.0,8.994,11.006,0.0,74.3024,93.0289
2025-01-18 20:00:00,54.8736,0.0,8.269,11.731,0.0,63.7655,92.2021
2025-01-18 21:00:00,44.6388,0.0,7.713,12.286999999999999,0.0,54.8736,92.76
2025-01-18 22:00:00,39.1868,0.0,7.364,12.636,0.0,44.6388,78.1488
2025-01-18 23:00:00,38.2168,0.0,7.244,12.756,0.0,39.1868,68.5725
2025-01-19 00:00:00,38.8745,0.0,7.511,12.489,0.0,38.2168,62.922
2025-01-19 01:00:00,37.6474,0.0,7.86,12.14,0.0,38.8745,59.4044
2025-01-19 02:00:00,33.491,0.0,8.417,11.583,0.0,37.6474,53.1882
2025-01-19 03:00:00,32.3603,0.0,9.141,10.859,0.0,33.491,45.4254
2025-01-19 04:00:00,26.4348,0.0,9.986,10.014,0.0,32.3603,39.7777
2025-01-19 05:00:00,26.7042,0.0,10.891,9.109,0.0,26.4348,35.8249
2025-01-19 06:00:00,29.8217,0.0,11.797,8.203,0.0,26.7042,29.4668
2025-01-19 07:00:00,30.301,0.0,12.641,7.359,0.0,29.8217,27.6386
2025-01-19 08:00:00,28.0799,0.0,13.366,6.634,0.0,30.301,27.1894
2025-01-19 09:00:00,26.3696,0.0,13.923,6.077,0.0,28.0799,31.949
2025-01-19 10:00:00,42.676,57.507,14.272,5.728,1.0,26.3696,43.3317
2025-01-19 11:00:00,55.8048,71.617,14.391,5.609,1.0,42.676,52.5248
2025-01-19 12:00:00,64.2514,81.798,14.272,5.728,1.0,55.8048,67.8834
2025-01-19 13:00:00,70.3707,81.017,13.923,6.077,1.0,64.2514,77.0478
2025-01-19 14:00:00,80.9031,89.792,13.366,6.634,1.0,70.3707,79.1151
2025-01-19 15:00:00,82.7463,94.717,12.641,7.359,1.0,80.9031,82.1028
2025-01-19 16:00:00,82.5208,83.897,11.797,8.203,1.0,82.7463,84.7782
2025-01-19 17:00:00,84.3484,85.99,10.891,9.109,1.0,82.5208,87.913
2025-01-19 18:00:00,67.6851,0.0,9.986,10.014,0.0,84.3484,74.3024
2025-01-19 19:00:00,60.5517,0.0,9.141,10.859,0.0,67.6851,63.7655
2025-01-19 20:00:00,52.3383,0.0,8.417,11.583,0.0,60.5517,54.8736
2025-01-19 21:00:00,45.7086,0.0,7.86,12.14,0.0,52.3383,44.6388
2025-01-19 22:00:00,41.8259,0.0,7.511,12.489,0.0,45.7086,39.1868
2025-01-19 23:00:00,40.8507,0.0,7.391,12.609,0.0,41.8259,38.2168
2025-01-20 00:00:00,36.9625,0.0,7.657,12.343,0.0,40.8507,38.8745
2025-01-20 01:00:00,35.8247,0.0,8.007,11.993,0.0,36.9625,37.6474
2025-01-20 02:00:00,36.0965,0.0,8.563,11.437,0.0,35.8247,33.491
2025-01-20 03:00:00,36.3695,0.0,9.288,10.712,0.0,36.0965,32.3603
2025-01-20 04:00:00,36.5172,0.0,10.132,9.868,0.0,36.3695,26.4348
2025-01-20 05:00:00,33.1363,0.0,11.038,8.962,0.0,36.5172,26.7042
2025-01-20 06:00:00,30.5738,0.0,11.944,8.056,0.0,33.1363,29.8217
2025-01-20 07:00:00,31.1705,0.0,12.788,7.212,0.0,30.5738,30.301
2025-01-20 08:00:00,40.81,23.411,13.513,6.487,1.0,31.1705,28.0799
2025-01-20 09:00:00,48.1536,48.034,14.069,5.930999999999999,1.0,40.81,26.3696
2025-01-20 10:00:00,57.4934,69.103,14.418,5.582000000000001,1.0,48.1536,42.676
2025-01-20 11:00:00,62.6527,94.836,14.538,5.462,1.0,57.4934,55.8048
2025-01-20 12:00:00,63.9012,126.9,14.418,5.582000000000001,1.0,62.6527,64.2514
2025-01-20 13:00:00,68.2155,110.424,14.069,5.930999999999999,1.0,63.9012,70.3707
2025-01-20 14:00:00,73.1888,137.388,13.513,6.487,1.0,68.2155,80.9031
2025-01-20 15:00:00,79.6426,141.363,12.788,7.212,1.0,73.1888,82.7463
2025-01-20 16:00:00,83.3903,112.717,11.944,8.056,1.0,79.6426,82.5208
2025-01-20 17:00:00,87.5994,120.641,11.038,8.962,1.0,83.3903,84.3484
2025-01-20 18:00:00,89.3522,113.803,10.132,9.868,1.0,87.5994,67.6851
2025-01-20 19:00:00,88.7557,84.483,9.288,10.712,1.0,89.3522,60.5517
2025-01-20 20:00:00,94.7934,60.061,8.563,11.437,1.0,88.7557,52.3383
2025-01-20 21:00:00,96.4727,53.177,8.007,11.993,1.0,94.7934,45.7086
2025-01-20 22:00:00,80.6218,0.0,7.657,12.343,0.0,96.4727,41.8259
2025-01-20 23:00:00,70.2516,0.0,7.538,12.462,0.0,80.6218,40.8507
2025-01-21 00:00:00,61.9842,0.0,7.802,12.198,0.0,70.2516,36.9625
2025-01-21 01:00:00,51.3383,0.0,8.152,11.848,0.0,61.9842,35.8247
2025-01-21 02:00:00,47.4591,0.0,8.708,11.292,0.0,51.3383,36.0965
2025-01-21 03:00:00,43.6851,0.0,9.433,10.567,0.0,47.4591,36.3695
2025-01-21 04:00:00,41.311,0.0,10.277,9.723,0.0,43.6851,36.5172
2025-01-21 05:00:00,34.276,0.0,11.183,8.817,0.0,41.311,33.1363
2025-01-21 06:00:00,27.9488,0.0,12.089,7.911,0.0,34.276,30.5738
2025-01-21 07:00:00,32.9925,0.0,12.933,7.067,0.0,27.9488,31.1705
2025-01-21 08:00:00,47.255,35.544,13.658,6.3420000000000005,1.0,32.9925,40.81
2025-01-21 09:00:00,58.4706,51.319,14.214,5.786,1.0,47.255,48.1536
2025-01-21 10:00:00,69.2259,81.194,14.564,5.436,1.0,58.4706,57.4934
2025-01-21 11:00:00,75.2223,101.26,14.683,5.317,1.0,69.2259,62.6527
2025-01-21 12:00:00,79.9788,104.086,14.564,5.436,1.0,75.2223,63.9012
2025-01-21 13:00:00,84.4251,122.47,14.214,5.786,1.0,79.9788,68.2155
2025-01-21 14:00:00,88.5365,132.205,13.658,6.3420000000000005,1.0,84.4251,73.1888
2025-01-21 15:00:00,91.7454,136.997,12.933,7.067,1.0,88.5365,79.6426
2025-01-21 16:00:00,93.9236,136.163,12.089,7.911,1.0,91.7454,83.3903
2025-01-21 17:00:00,95.1121,127.346,11.183,8.817,1.0,93.9236,87.5994
2025-01-21 18:00:00,95.1883,119.151,10.277,9.723,1.0,95.1121,89.3522
2025-01-21 19:00:00,96.2943,85.957,9.433,10.567,1.0,95.1883,88.7557
2025-01-21 20:00:00,94.0322,70.973,8.708,11.292,1.0,96.2943,94.7934
2025-01-21 21:00:00,97.21,49.993,8.152,11.848,1.0,94.0322,96.4727
2025-01-21 22:00:00,82.2376,0.0,7.802,12.198,0.0,97.21,80.6218
2025-01-21 23:00:00,68.0574,0.0,7.683,12.317,0.0,82.2376,70.2516
2025-01-22 00:00:00,61.1224,0.0,7.947,12.053,0.0,68.0574,61.9842
2025-01-22 01:00:00,52.4015,0.0,8.296,11.704,0.0,61.1224,51.3383
2025-01-22 02:00:00,46.9751,0.0,8.853,11.147,0.0,52.4015,47.4591
2025-01-22 03:00:00,43.1548,0.0,9.578,10.422,0.0,46.9751,43.6851
2025-01-22 04:00:00,39.513,0.0,10.422,9.578,0.0,43.1548,41.311
2025-01-22 05:00:00,36.8028,0.0,11.328,8.672,0.0,39.513,34.276
2025-01-22 06:00:00,35.6234,0.0,12.233,7.7669999999999995,0.0,36.8028,27.9488
2025-01-22 07:00:00,38.6098,0.0,13.078,6.922000000000001,0.0,35.6234,32.9925
2025-01-22 08:00:00,48.1372,40.55,13.802,6.198,1.0,38.6098,47.255
2025-01-22 09:00:00,57.9335,56.841,14.359,5.641,1.0,48.1372,58.4706
2025-01-22 10:00:00,65.7839,73.629,14.708,5.292,1.0,57.9335,69.2259
2025-01-22 11:00:00,73.9505,102.858,14.828,5.172000000000001,1.0,65.7839,75.2223
2025-01-22 12:00:00,78.2663,121.471,14.708,5.292,1.0,73.9505,79.9788
2025-01-22 13:00:00,82.2196,119.811,14.359,5.641,1.0,78.2663,84.4251
2025-01-22 14:00:00,83.9496,128.722,13.802,6.198,1.0,82.2196,88.5365
2025-01-22 15:00:00,86.3055,135.549,13.078,6.922000000000001,1.0,83.9496,91.7454
2025-01-22 16:00:00,88.7211,132.951,12.233,7.7669999999999995,1.0,86.3055,93.9236
2025-01-22 17:00:00,87.7779,126.44,11.328,8.672,1.0,88.7211,95.1121
2025-01-22 18:00:00,87.5955,104.42,10.422,9.578,1.0,87.7779,95.1883
2025-01-22 19:00:00,86.1643,87.615,9.578,10.422,1.0,87.5955,96.2943
2025-01-22 20:00:00,87.4484,82.481,8.853,11.147,1.0,86.1643,94.0322
2025-01-22 21:00:00,88.6365,39.374,8.296,11.704,1.0,87.4484,97.21
2025-01-22 22:00:00,76.1928,0.0,7.947,12.053,0.0,88.6365,82.2376
2025-01-22 23:00:00,69.6616,0.0,7.828,12.172,0.0,76.1928,68.0574
2025-01-23 00:00:00,58.078,0.0,8.09,11.91,0.0,69.6616,61.1224
2025-01-23 01:00:00,53.6784,0.0,8.44,11.56,0.0,58.078,52.4015
2025-01-23 02:00:00,48.6908,0.0,8.996,11.004,0.0,53.6784,46.9751
2025-01-23 03:00:00,44.3138,0.0,9.721,10.279,0.0,48.6908,43.1548
2025-01-23 04:00:00,37.727,0.0,10.565,9.435,0.0,44.3138,39.513
2025-01-23 05:00:00,32.71,0.0,11.471,8.529,0.0,37.727,36.8028
2025-01-23 06:00:00,31.9697,0.0,12.377,7.622999999999999,0.0,32.71,35.6234
2025-01-23 07:00:00,30.6258,0.0,13.221,6.779,0.0,31.9697,38.6098
2025-01-23 08:00:00,51.6498,47.914,13.946,6.054,1.0,30.6258,48.1372
2025-01-23 09:00:00,57.6284,61.779,14.502,5.497999999999999,1.0,51.6498,57.9335
2025-01-23 10:00:00,61.4998,76.324,14.852,5.148,1.0,57.6284,65.7839
2025-01-23 11:00:00,68.3967,101.888,14.971,5.029,1.0,61.4998,73.9505
2025-01-23 12:00:00,70.4273,123.871,14.852,5.148,1.0,68.3967,78.2663
2025-01-23 13:00:00,74.8756,108.093,14.502,5.497999999999999,1.0,70.4273,82.2196
2025-01-23 14:00:00,82.1719,136.785,13.946,6.054,1.0,74.8756,83.9496
2025-01-23 15:00:00,82.4151,124.079,13.221,6.779,1.0,82.1719,86.3055
2025-01-23 16:00:00,83.9447,128.786,12.377,7.622999999999999,1.0,82.4151,88.7211
2025-01-23 17:00:00,85.6112,128.903,11.471,8.529,1.0,83.9447,87.7779
2025-01-23 18:00:00,87.0206,116.645,10.565,9.435,1.0,85.6112,87.5955
2025-01-23 19:00:00,88.3953,99.525,9.721,10.279,1.0,87.0206,86.1643
2025-01-23 20:00:00,88.033,67.494,8.996,11.004,1.0,88.3953,87.4484
2025-01-23 21:00:00,91.4958,37.861,8.44,11.56,1.0,88.033,88.6365
2025-01-23 22:00:00,75.7261,0.0,8.09,11.91,0.0,91.4958,76.1928
2025-01-23 23:00:00,59.2302,0.0,7.971,12.029,0.0,75.7261,69.6616
2025-01-24 00:00:00,52.8611,0.0,8.233,11.767,0.0,59.2302,58.078
2025-01-24 01:00:00,46.8983,0.0,8.582,11.418,0.0,52.8611,53.6784
2025-01-24 02:00:00,43.5916,0.0,9.139,10.861,0.0,46.8983,48.6908
2025-01-24 03:00:00,42.7371,0.0,9.863,10.137,0.0,43.5916,44.3138
2025-01-24 04:00:00,44.8168,0.0,10.708,9.292,0.0,42.7371,37.727
2025-01-24 05:00:00,42.7163,0.0,11.613,8.387,0.0,44.8168,32.71
2025-01-24 06:00:00,35.2899,0.0,12.519,7.481,0.0,42.7163,31.9697
2025-01-24 07:00:00,34.4361,0.0,13.363,6.6370000000000005,0.0,35.2899,30.6258
2025-01-24 08:00:00,43.6183,37.824,14.088,5.912000000000001,1.0,34.4361,51.6498
2025-01-24 09:00:00,58.231,63.107,14.644,5.356,1.0,43.6183,57.6284
2025-01-24 10:00:00,66.2045,71.801,14.994,5.006,1.0,58.231,61.4998
2025-01-24 11:00:00,71.3754,93.307,15.113,4.8870000000000005,1.0,66.2045,68.3967
2025-01-24 12:00:00,72.9249,99.256,14.994,5.006,1.0,71.3754,70.4273
2025-01-24 13:00:00,81.6323,125.592,14.644,5.356,1.0,72.9249,74.8756
2025-01-24 14:00:00,81.7981,136.198,14.088,5.912000000000001,1.0,81.6323,82.1719
2025-01-24 15:00:00,88.7032,133.466,13.363,6.6370000000000005,1.0,81.7981,82.4151
2025-01-24 16:00:00,90.4178,127.462,12.519,7.481,1.0,88.7032,83.9447
2025-01-24 17:00:00,94.2264,125.235,11.613,8.387,1.0,90.4178,85.6112
2025-01-24 18:00:00,95.5162,113.912,10.708,9.292,1.0,94.2264,87.0206
2025-01-24 19:00:00,94.7316,85.356,9.863,10.137,1.0,95.5162,88.3953
2025-01-24 20:00:00,95.7097,57.858,9.139,10.861,1.0,94.7316,88.033
2025-01-24 21:00:00,98.5063,38.7,8.582,11.418,1.0,95.7097,91.4958
2025-01-24 22:00:00,81.3208,0.0,8.233,11.767,0.0,98.5063,75.7261
2025-01-24 23:00:00,66.1154,0.0,8.113,11.887,0.0,81.3208,59.2302
2025-01-25 00:00:00,56.4081,0.0,8.374,11.626,0.0,66.1154,52.8611
2025-01-25 01:00:00,50.7681,0.0,8.724,11.276,0.0,56.4081,46.8983
2025-01-25 02:00:00,47.3388,0.0,9.28,10.72,0.0,50.7681,43.5916
2025-01-25 03:00:00,42.5352,0.0,10.005,9.995,0.0,47.3388,42.7371
2025-01-25 04:00:00,37.0797,0.0,10.849,9.151,0.0,42.5352,44.8168
2025-01-25 05:00:00,38.2119,0.0,11.755,8.245,0.0,37.0797,42.7163
2025-01-25 06:00:00,35.1422,0.0,12.661,7.339,0.0,38.2119,35.2899
2025-01-25 07:00:00,31.4532,0.0,13.505,6.494999999999999,0.0,35.1422,34.4361
2025-01-25 08:00:00,33.7608,0.0,14.23,5.77,0.0,31.4532,43.6183
2025-01-25 09:00:00,30.7161,0.0,14.786,5.214,0.0,33.7608,58.231
2025-01-25 10:00:00,38.5149,44.768,15.135,4.865,1.0,30.7161,66.2045
2025-01-25 11:00:00,48.4712,65.368,15.255,4.744999999999999,1.0,38.5149,71.3754
2025-01-25 12:00:00,58.475,87.352,15.135,4.865,1.0,48.4712,72.9249
2025-01-25 13:00:00,69.3196,78.529,14.786,5.214,1.0,58.475,81.6323
2025-01-25 14:00:00,76.0439,92.226,14.23,5.77,1.0,69.3196,81.7981
2025-01-25 15:00:00,80.8149,88.815,13.505,6.494999999999999,1.0,76.0439,88.7032
2025-01-25 16:00:00,83.2892,70.849,12.661,7.339,1.0,80.8149,90.4178
2025-01-25 17:00:00,85.938,80.293,11.755,8.245,1.0,83.2892,94.2264
2025-01-25 18:00:00,69.7988,0.0,10.849,9.151,0.0,85.938,95.5162
2025-01-25 19:00:00,58.9489,0.0,10.005,9.995,0.0,69.7988,94.7316
2025-01-25 20:00:00,51.1391,0.0,9.28,10.72,0.0,58.9489,95.7097
2025-01-25 21:00:00,44.8128,0.0,8.724,11.276,0.0,51.1391,98.5063
2025-01-25 22:00:00,40.7334,0.0,8.374,11.626,0.0,44.8128,81.3208
2025-01-25 23:00:00,40.4417,0.0,8.255,11.745,0.0,40.7334,66.1154
2025-01-26 00:00:00,38.0586,0.0,8.514,11.486,0.0,40.4417,56.4081
2025-01-26 01:00:00,36.9173,0.0,8.864,11.136,0.0,38.0586,50.7681
2025-01-26 02:00:00,37.6146,0.0,9.42,10.58,0.0,36.9173,47.3388
2025-01-26 03:00:00,37.4801,0.0,10.145,9.855,0.0,37.6146,42.5352
2025-01-26 04:00:00,33.6745,0.0,10.989,9.011,0.0,37.4801,37.0797
2025-01-26 05:00:00,35.0365,0.0,11.895,8.105,0.0,33.6745,38.2119
2025-01-26 06:00:00,38.3998,0.0,12.801,7.199,0.0,35.0365,35.1422
2025-01-26 07:00:00,33.5379,0.0,13.645,6.355,0.0,38.3998,31.4532
2025-01-26 08:00:00,27.0182,0.0,14.37,5.630000000000001,0.0,33.5379,33.7608
2025-01-26 09:00:00,27.7424,0.0,14.926,5.074,0.0,27.0182,30.7161
2025-01-26 10:00:00,44.6541,45.806,15.276,4.724,1.0,27.7424,38.5149
2025-01-26 11:00:00,56.06,73.272,15.395,4.605,1.0,44.6541,48.4712
2025-01-26 12:00:00,61.1835,84.64,15.276,4.724,1.0,56.06,58.475
2025-01-26 13:00:00,66.5342,71.648,14.926,5.074,1.0,61.1835,69.3196
2025-01-26 14:00:00,72.793,82.955,14.37,5.630000000000001,1.0,66.5342,76.0439
2025-01-26 15:00:00,79.3522,95.596,13.645,6.355,1.0,72.793,80.8149
2025-01-26 16:00:00,82.6963,85.833,12.801,7.199,1.0,79.3522,83.2892
2025-01-26 17:00:00,79.5698,83.41,11.895,8.105,1.0,82.6963,85.938
2025-01-26 18:00:00,63.9536,0.0,10.989,9.011,0.0,79.5698,69.7988
2025-01-26 19:00:00,56.3806,0.0,10.145,9.855,0.0,63.9536,58.9489
2025-01-26 20:00:00,50.2098,0.0,9.42,10.58,0.0,56.3806,51.1391
2025-01-26 21:00:00,51.2754,0.0,8.864,11.136,0.0,50.2098,44.8128
2025-01-26 22:00:00,47.8173,0.0,8.514,11.486,0.0,51.2754,40.7334
2025-01-26 23:00:00,38.2407,0.0,8.395,11.605,0.0,47.8173,40.4417
2025-01-27 00:00:00,38.5026,0.0,8.653,11.347,0.0,38.2407,38.0586
2025-01-27 01:00:00,31.9283,0.0,9.003,10.997,0.0,38.5026,36.9173
2025-01-27 02:00:00,28.4582,0.0,9.559,10.441,0.0,31.9283,37.6146
2025-01-27 03:00:00,32.4792,0.0,10.284,9.716,0.0,28.4582,37.4801
2025-01-27 04:00:00,29.2156,0.0,11.128,8.872,0.0,32.4792,33.6745
2025-01-27 05:00:00,28.1337,0.0,12.034,7.965999999999999,0.0,29.2156,35.0365
2025-01-27 06:00:00,27.4182,0.0,12.94,7.0600000000000005,0.0,28.1337,38.3998
2025-01-27 07:00:00,27.1068,0.0,13.784,6.215999999999999,0.0,27.4182,33.5379
2025-01-27 08:00:00,41.3822,41.325,14.509,5.491,1.0,27.1068,27.0182
2025-01-27 09:00:00,54.0962,58.708,15.065,4.9350000000000005,1.0,41.3822,27.7424
2025-01-27 10:00:00,60.5589,70.996,15.415,4.585000000000001,1.0,54.0962,44.6541
2025-01-27 11:00:00,65.2728,92.03,15.534,4.465999999999999,1.0,60.5589,56.06
2025-01-27 12:00:00,73.0575,107.037,15.415,4.585000000000001,1.0,65.2728,61.1835
2025-01-27 13:00:00,74.867,124.682,15.065,4.9350000000000005,1.0,73.0575,66.5342
2025-01-27 14:00:00,84.0415,128.096,14.509,5.491,1.0,74.867,72.793
2025-01-27 15:00:00,84.8237,135.773,13.784,6.215999999999999,1.0,84.0415,79.3522
2025-01-27 16:00:00,84.9535,127.756,12.94,7.0600000000000005,1.0,84.8237,82.6963
2025-01-27 17:00:00,86.8008,120.2,12.034,7.965999999999999,1.0,84.9535,79.5698
2025-01-27 18:00:00,89.4688,113.968,11.128,8.872,1.0,86.8008,63.9536
2025-01-27 19:00:00,93.121,80.744,10.284,9.716,1.0,89.4688,56.3806
2025-01-27 20:00:00,93.201,66.674,9.559,10.441,1.0,93.121,50.2098
2025-01-27 21:00:00,95.1802,40.171,9.003,10.997,1.0,93.201,51.2754
2025-01-27 22:00:00,79.3886,0.0,8.653,11.347,0.0,95.1802,47.8173
2025-01-27 23:00:00,62.8694,0.0,8.534,11.466,0.0,79.3886,38.2407
2025-01-28 00:00:00,54.9707,0.0,8.791,11.209,0.0,62.8694,38.5026
2025-01-28 01:00:00,47.4088,0.0,9.141,10.859,0.0,54.9707,31.9283
2025-01-28 02:00:00,44.8713,0.0,9.697,10.303,0.0,47.4088,28.4582
2025-01-28 03:00:00,42.5036,0.0,10.422,9.578,0.0,44.8713,32.4792
2025-01-28 04:00:00,40.095,0.0,11.266,8.734,0.0,42.5036,29.2156
2025-01-28 05:00:00,33.6253,0.0,12.172,7.827999999999999,0.0,40.095,28.1337
2025-01-28 06:00:00,31.8961,0.0,13.078,6.922000000000001,0.0,33.6253,27.4182
2025-01-28 07:00:00,29.7178,0.0,13.922,6.077999999999999,0.0,31.8961,27.1068
2025-01-28 08:00:00,42.0219,42.945,14.647,5.353,1.0,29.7178,41.3822
2025-01-28 09:00:00,52.2974,51.029,15.203,4.797000000000001,1.0,42.0219,54.0962
2025-01-28 10:00:00,64.0444,84.454,15.553,4.446999999999999,1.0,52.2974,60.5589
2025-01-28 11:00:00,69.256,98.432,15.672,4.327999999999999,1.0,64.0444,65.2728
2025-01-28 12:00:00,76.6436,118.396,15.553,4.446999999999999,1.0,69.256,73.0575
2025-01-28 13:00:00,76.2723,120.461,15.203,4.797000000000001,1.0,76.6436,74.867
2025-01-28 14:00:00,80.4528,120.379,14.647,5.353,1.0,76.2723,84.0415
2025-01-28 15:00:00,83.2884,136.096,13.922,6.077999999999999,1.0,80.4528,84.8237
2025-01-28 16:00:00,85.9629,135.927,13.078,6.922000000000001,1.0,83.2884,84.9535
2025-01-28 17:00:00,86.5694,118.056,12.172,7.827999999999999,1.0,85.9629,86.8008
2025-01-28 18:00:00,90.1625,114.855,11.266,8.734,1.0,86.5694,89.4688
2025-01-28 19:00:00,89.376,93.153,10.422,9.578,1.0,90.1625,93.121
2025-01-28 20:00:00,92.6237,70.351,9.697,10.303,1.0,89.376,93.201
2025-01-28 21:00:00,94.6735,40.704,9.141,10.859,1.0,92.6237,95.1802
2025-01-28 22:00:00,78.7768,0.0,8.791,11.209,0.0,94.6735,79.3886
2025-01-28 23:00:00,65.1698,0.0,8.672,11.328,0.0,78.7768,62.8694
2025-01-29 00:00:00,55.9798,0.0,8.928,11.072,0.0,65.1698,54.9707
2025-01-29 01:00:00,43.9041,0.0,9.278,10.722,0.0,55.9798,47.4088
2025-01-29 02:00:00,36.9848,0.0,9.834,10.166,0.0,43.9041,44.8713
2025-01-29 03:00:00,31.7213,0.0,10.559,9.441,0.0,36.9848,42.5036
2025-01-29 04:00:00,30.1325,0.0,11.403,8.597,0.0,31.7213,40.095
2025-01-29 05:00:00,30.1341,0.0,12.309,7.691000000000001,0.0,30.1325,33.6253
2025-01-29 06:00:00,29.3482,0.0,13.214,6.786,0.0,30.1341,31.8961
2025-01-29 07:00:00,31.8138,0.0,14.059,5.941000000000001,0.0,29.3482,29.7178
2025-01-29 08:00:00,40.2891,26.619,14.783,5.2170000000000005,1.0,31.8138,42.0219
2025-01-29 09:00:00,48.6233,44.269,15.34,4.66,1.0,40.2891,52.2974
2025-01-29 10:00:00,59.4347,76.989,15.689,4.311,1.0,48.6233,64.0444
2025-01-29 11:00:00,66.9227,101.673,15.809,4.191000000000001,1.0,59.4347,69.256
2025-01-29 12:00:00,73.2561,105.758,15.689,4.311,1.0,66.9227,76.6436
2025-01-29 13:00:00,76.7501,134.436,15.34,4.66,1.0,73.2561,76.2723
2025-01-29 14:00:00,79.8211,140.163,14.783,5.2170000000000005,1.0,76.7501,80.4528
2025-01-29 15:00:00,85.3859,115.256,14.059,5.941000000000001,1.0,79.8211,83.2884
2025-01-29 16:00:00,87.556,139.579,13.214,6.786,1.0,85.3859,85.9629
2025-01-29 17:00:00,83.1889,138.07,12.309,7.691000000000001,1.0,87.556,86.5694
2025-01-29 18:00:00,85.8636,110.405,11.403,8.597,1.0,83.1889,90.1625
2025-01-29 19:00:00,89.0013,88.595,10.559,9.441,1.0,85.8636,89.376
2025-01-29 20:00:00,88.442,81.29,9.834,10.166,1.0,89.0013,92.6237
2025-01-29 21:00:00,93.1452,63.361,9.278,10.722,1.0,88.442,94.6735
2025-01-29 22:00:00,77.5794,0.0,8.928,11.072,0.0,93.1452,78.7768
2025-01-29 23:00:00,65.4463,0.0,8.809,11.191,0.0,77.5794,65.1698
2025-01-30 00:00:00,57.7751,0.0,9.063,10.937,0.0,65.4463,55.9798
2025-01-30 01:00:00,51.3237,0.0,9.413,10.587,0.0,57.7751,43.9041
2025-01-30 02:00:00,43.8343,0.0,9.969,10.031,0.0,51.3237,36.9848
2025-01-30 03:00:00,38.9159,0.0,10.694,9.306,0.0,43.8343,31.7213
2025-01-30 04:00:00,39.2244,0.0,11.538,8.462,0.0,38.9159,30.1325
2025-01-30 05:00:00,39.0882,0.0,12.444,7.555999999999999,0.0,39.2244,30.1341
2025-01-30 06:00:00,36.481,0.0,13.35,6.65,0.0,39.0882,29.3482
2025-01-30 07:00:00,29.3017,0.0,14.194,5.805999999999999,0.0,36.481,31.8138
2025-01-30 08:00:00,38.0871,45.799,14.919,5.0809999999999995,1.0,29.3017,40.2891
2025-01-30 09:00:00,54.627,54.081,15.475,4.525,1.0,38.0871,48.6233
2025-01-30 10:00:00,64.6641,72.044,15.825,4.175000000000001,1.0,54.627,59.4347
2025-01-30 11:00:00,70.3437,104.765,15.944,4.055999999999999,1.0,64.6641,66.9227
2025-01-30 12:00:00,72.941,103.458,15.825,4.175000000000001,1.0,70.3437,73.2561
2025-01-30 13:00:00,77.3638,126.391,15.475,4.525,1.0,72.941,76.7501
2025-01-30 14:00:00,81.2235,133.336,14.919,5.0809999999999995,1.0,77.3638,79.8211
2025-01-30 15:00:00,87.4095,134.414,14.194,5.805999999999999,1.0,81.2235,85.3859
2025-01-30 16:00:00,90.9976,132.502,13.35,6.65,1.0,87.4095,87.556
2025-01-30 17:00:00,94.1902,126.883,12.444,7.555999999999999,1.0,90.9976,83.1889
2025-01-30 18:00:00,95.43,118.659,11.538,8.462,1.0,94.1902,85.8636
2025-01-30 19:00:00,91.0573,86.614,10.694,9.306,1.0,95.43,89.0013
2025-01-30 20:00:00,89.4824,71.89,9.969,10.031,1.0,91.0573,88.442
2025-01-30 21:00:00,94.7964,50.561,9.413,10.587,1.0,89.4824,93.1452
2025-01-30 22:00:00,76.044,0.0,9.063,10.937,0.0,94.7964,77.5794
2025-01-30 23:00:00,64.347,0.0,8.944,11.056,0.0,76.044,65.4463
2025-01-31 00:00:00,55.6559,0.0,9.197,10.803,0.0,64.347,57.7751
2025-01-31 01:00:00,46.248,0.0,9.547,10.453,0.0,55.6559,51.3237
2025-01-31 02:00:00,44.1512,0.0,10.103,9.897,0.0,46.248,43.8343
2025-01-31 03:00:00,37.7076,0.0,10.828,9.172,0.0,44.1512,38.9159
2025-01-31 04:00:00,35.3205,0.0,11.672,8.328,0.0,37.7076,39.2244
2025-01-31 05:00:00,29.601,0.0,12.578,7.422000000000001,0.0,35.3205,39.0882
2025-01-31 06:00:00,25.8226,0.0,13.484,6.516,0.0,29.601,36.481
2025-01-31 07:00:00,26.8177,0.0,14.328,5.672000000000001,0.0,25.8226,29.3017
2025-01-31 08:00:00,39.2636,34.736,15.053,4.946999999999999,1.0,26.8177,38.0871
2025-01-31 09:00:00,51.9945,45.168,15.609,4.391,1.0,39.2636,54.627
2025-01-31 10:00:00,61.9905,88.343,15.959,4.041,1.0,51.9945,64.6641
2025-01-31 11:00:00,74.7534,84.387,16.078,3.9220000000000006,1.0,61.9905,70.3437
2025-01-31 12:00:00,78.4236,91.968,15.959,4.041,1.0,74.7534,72.941
2025-01-31 13:00:00,82.5373,116.296,15.609,4.391,1.0,78.4236,77.3638
2025-01-31 14:00:00,91.0437,119.662,15.053,4.946999999999999,1.0,82.5373,81.2235
2025-01-31 15:00:00,92.1954,137.404,14.328,5.672000000000001,1.0,91.0437,87.4095
2025-01-31 16:00:00,92.4409,134.05,13.484,6.516,1.0,92.1954,90.9976
2025-01-31 17:00:00,94.3693,114.256,12.578,7.422000000000001,1.0,92.4409,94.1902
2025-01-31 18:00:00,93.6976,96.668,11.672,8.328,1.0,94.3693,95.43
2025-01-31 19:00:00,93.5162,88.523,10.828,9.172,1.0,93.6976,91.0573
2025-01-31 20:00:00,98.0221,77.152,10.103,9.897,1.0,93.5162,89.4824
2025-01-31 21:00:00,95.9601,53.543,9.547,10.453,1.0,98.0221,94.7964
2025-01-31 22:00:00,78.6761,0.0,9.197,10.803,0.0,95.9601,76.044
2025-01-31 23:00:00,64.7823,0.0,9.078,10.922,0.0,78.6761,64.347
2025-02-01 00:00:00,53.4661,0.0,9.33,10.67,0.0,64.7823,55.6559
2025-02-01 01:00:00,44.2058,0.0,9.68,10.32,0.0,53.4661,46.248
2025-02-01 02:00:00,43.144,0.0,10.236,9.764,0.0,44.2058,44.1512
2025-02-01 03:00:00,37.9961,0.0,10.961,9.039,0.0,43.144,37.7076
2025-02-01 04:00:00,36.7492,0.0,11.805,8.195,0.0,37.9961,35.3205
2025-02-01 05:00:00,32.347,0.0,12.711,7.289,0.0,36.7492,29.601
2025-02-01 06:00:00,30.4026,0.0,13.617,6.382999999999999,0.0,32.347,25.8226
2025-02-01 07:00:00,31.0177,0.0,14.461,5.539,0.0,30.4026,26.8177
2025-02-01 08:00:00,26.7048,0.0,15.186,4.814,0.0,31.0177,39.2636
2025-02-01 09:00:00,26.3301,0.0,15.742,4.257999999999999,0.0,26.7048,51.9945
2025-02-01 10:00:00,39.292,42.084,16.091,3.908999999999999,1.0,26.3301,61.9905
2025-02-01 11:00:00,48.069,64.738,16.211,3.7890000000000015,1.0,39.292,74.7534
2025-02-01 12:00:00,56.6383,54.919,16.091,3.908999999999999,1.0,48.069,78.4236
2025-02-01 13:00:00,59.9441,71.785,15.742,4.257999999999999,1.0,56.6383,82.5373
2025-02-01 14:00:00,71.5389,94.162,15.186,4.814,1.0,59.9441,91.0437
2025-02-01 15:00:00,82.1045,84.922,14.461,5.539,1.0,71.5389,92.1954
2025-02-01 16:00:00,82.4347,100.58,13.617,6.382999999999999,1.0,82.1045,92.4409
2025-02-01 17:00:00,84.1836,77.054,12.711,7.289,1.0,82.4347,94.3693
2025-02-01 18:00:00,74.4349,0.0,11.805,8.195,0.0,84.1836,93.6976
2025-02-01 19:00:00,59.4846,0.0,10.961,9.039,0.0,74.4349,93.5162
2025-02-01 20:00:00,51.8046,0.0,10.236,9.764,0.0,59.4846,98.0221
2025-02-01 21:00:00,42.2818,0.0,9.68,10.32,0.0,51.8046,95.9601
2025-02-01 22:00:00,37.8512,0.0,9.33,10.67,0.0,42.2818,78.6761
2025-02-01 23:00:00,36.5817,0.0,9.211,10.789,0.0,37.8512,64.7823
2025-02-02 00:00:00,29.7369,0.0,9.461,10.539,0.0,36.5817,53.4661
2025-02-02 01:00:00,30.7842,0.0,9.811,10.189,0.0,29.7369,44.2058
2025-02-02 02:00:00,31.5042,0.0,10.367,9.633,0.0,30.7842,43.144
2025-02-02 03:00:00,33.1651,0.0,11.092,8.908,0.0,31.5042,37.9961
2025-02-02 04:00:00,29.9648,0.0,11.936,8.064,0.0,33.1651,36.7492
2025-02-02 05:00:00,28.1187,0.0,12.842,7.1579999999999995,0.0,29.9648,32.347
2025-02-02 06:00:00,25.9845,0.0,13.748,6.252000000000001,0.0,28.1187,30.4026
2025-02-02 07:00:00,24.3868,0.0,14.592,5.4079999999999995,0.0,25.9845,31.0177
2025-02-02 08:00:00,23.5066,0.0,15.317,4.683,0.0,24.3868,26.7048
2025-02-02 09:00:00,25.2081,0.0,15.873,4.127000000000001,0.0,23.5066,26.3301
2025-02-02 10:00:00,43.8358,73.11,16.223,3.777000000000001,1.0,25.2081,39.292
2025-02-02 11:00:00,55.782,58.586,16.342,3.6580000000000013,1.0,43.8358,48.069
2025-02-02 12:00:00,69.3367,69.241,16.223,3.777000000000001,1.0,55.782,56.6383
2025-02-02 13:00:00,75.168,95.552,15.873,4.127000000000001,1.0,69.3367,59.9441
2025-02-02 14:00:00,72.3295,92.896,15.317,4.683,1.0,75.168,71.5389
2025-02-02 15:00:00,78.7423,91.838,14.592,5.4079999999999995,1.0,72.3295,82.1045
2025-02-02 16:00:00,78.9515,98.798,13.748,6.252000000000001,1.0,78.7423,82.4347
2025-02-02 17:00:00,82.2469,77.533,12.842,7.1579999999999995,1.0,78.9515,84.1836
2025-02-02 18:00:00,68.8813,0.0,11.936,8.064,0.0,82.2469,74.4349
2025-02-02 19:00:00,63.5331,0.0,11.092,8.908,0.0,68.8813,59.4846
2025-02-02 20:00:00,50.885,0.0,10.367,9.633,0.0,63.5331,51.8046
2025-02-02 21:00:00,45.2566,0.0,9.811,10.189,0.0,50.885,42.2818
2025-02-02 22:00:00,41.4042,0.0,9.461,10.539,0.0,45.2566,37.8512
2025-02-02 23:00:00,34.6563,0.0,9.342,10.658,0.0,41.4042,36.5817
2025-02-03 00:00:00,35.8985,0.0,9.591,10.409,0.0,34.6563,29.7369
2025-02-03 01:00:00,32.2464,0.0,9.941,10.059,0.0,35.8985,30.7842
2025-02-03 02:00:00,34.0089,0.0,10.497,9.503,0.0,32.2464,31.5042
2025-02-03 03:00:00,30.8823,0.0,11.222,8.778,0.0,34.0089,33.1651
2025-02-03 04:00:00,31.5025,0.0,12.066,7.933999999999999,0.0,30.8823,29.9648
2025-02-03 05:00:00,33.9451,0.0,12.972,7.0280000000000005,0.0,31.5025,28.1187
2025-02-03 06:00:00,32.331,0.0,13.878,6.122,0.0,33.9451,25.9845
2025-02-03 07:00:00,31.5289,0.0,14.722,5.2780000000000005,0.0,32.331,24.3868
2025-02-03 08:00:00,39.9448,35.456,15.447,4.553000000000001,1.0,31.5289,23.5066
2025-02-03 09:00:00,53.9576,48.817,16.003,3.997,1.0,39.9448,25.2081
2025-02-03 10:00:00,60.4099,61.211,16.353,3.6469999999999985,1.0,53.9576,43.8358
2025-02-03 11:00:00,59.7923,100.863,16.472,3.5279999999999987,1.0,60.4099,55.782
2025-02-03 12:00:00,68.8065,101.212,16.353,3.6469999999999985,1.0,59.7923,69.3367
2025-02-03 13:00:00,72.5774,117.541,16.003,3.997,1.0,68.8065,75.168
2025-02-03 14:00:00,76.0616,131.602,15.447,4.553000000000001,1.0,72.5774,72.3295
2025-02-03 15:00:00,78.6442,136.815,14.722,5.2780000000000005,1.0,76.0616,78.7423
2025-02-03 16:00:00,84.8976,131.781,13.878,6.122,1.0,78.6442,78.9515
2025-02-03 17:00:00,87.8206,110.667,12.972,7.0280000000000005,1.0,84.8976,82.2469
2025-02-03 18:00:00,86.5608,98.108,12.066,7.933999999999999,1.0,87.8206,68.8813
2025-02-03 19:00:00,86.988,83.832,11.222,8.778,1.0,86.5608,63.5331
2025-02-03 20:00:00,87.8177,76.982,10.497,9.503,1.0,86.988,50.885
2025-02-03 21:00:00,89.521,60.391,9.941,10.059,1.0,87.8177,45.2566
2025-02-03 22:00:00,70.0938,0.0,9.591,10.409,0.0,89.521,41.4042
2025-02-03 23:00:00,61.4606,0.0,9.472,10.528,0.0,70.0938,34.6563
2025-02-04 00:00:00,55.5216,0.0,9.72,10.28,0.0,61.4606,35.8985
2025-02-04 01:00:00,48.3594,0.0,10.069,9.931,0.0,55.5216,32.2464
2025-02-04 02:00:00,43.2526,0.0,10.625,9.375,0.0,48.3594,34.0089
2025-02-04 03:00:00,37.2893,0.0,11.35,8.65,0.0,43.2526,30.8823
2025-02-04 04:00:00,31.2432,0.0,12.194,7.805999999999999,0.0,37.2893,31.5025
2025-02-04 05:00:00,22.7739,0.0,13.1,6.9,0.0,31.2432,33.9451
2025-02-04 06:00:00,23.7923,0.0,14.006,5.994,0.0,22.7739,32.331
2025-02-04 07:00:00,24.2738,0.0,14.85,5.15,0.0,23.7923,31.5289
2025-02-04 08:00:00,32.4391,21.504,15.575,4.425000000000001,1.0,24.2738,39.9448
2025-02-04 09:00:00,45.87,37.649,16.131,3.8689999999999998,1.0,32.4391,53.9576
2025-02-04 10:00:00,55.0411,67.2,16.481,3.5189999999999984,1.0,45.87,60.4099
2025-02-04 11:00:00,66.2466,105.034,16.6,3.3999999999999986,1.0,55.0411,59.7923
2025-02-04 12:00:00,73.0871,113.515,16.481,3.5189999999999984,1.0,66.2466,68.8065
2025-02-04 13:00:00,79.2716,114.683,16.131,3.8689999999999998,1.0,73.0871,72.5774
2025-02-04 14:00:00,84.5779,110.086,15.575,4.425000000000001,1.0,79.2716,76.0616
2025-02-04 15:00:00,89.4388,123.688,14.85,5.15,1.0,84.5779,78.6442
2025-02-04 16:00:00,93.3863,128.072,14.006,5.994,1.0,89.4388,84.8976
2025-02-04 17:00:00,91.2249,125.862,13.1,6.9,1.0,93.3863,87.8206
2025-02-04 18:00:00,94.7652,121.18,12.194,7.805999999999999,1.0,91.2249,86.5608
2025-02-04 19:00:00,98.099,87.367,11.35,8.65,1.0,94.7652,86.988
2025-02-04 20:00:00,94.4633,67.739,10.625,9.375,1.0,98.099,87.8177
2025-02-04 21:00:00,96.8846,46.71,10.069,9.931,1.0,94.4633,89.521
2025-02-04 22:00:00,83.7402,0.0,9.72,10.28,0.0,96.8846,70.0938
2025-02-04 23:00:00,73.5528,0.0,9.6,10.4,0.0,83.7402,61.4606
2025-02-05 00:00:00,63.9503,0.0,9.846,10.154,0.0,73.5528,55.5216
2025-02-05 01:00:00,54.6809,0.0,10.196,9.804,0.0,63.9503,48.3594
2025-02-05 02:00:00,49.3296,0.0,10.752,9.248,0.0,54.6809,43.2526
2025-02-05 03:00:00,48.0969,0.0,11.477,8.523,0.0,49.3296,37.2893
2025-02-05 04:00:00,45.1344,0.0,12.321,7.679,0.0,48.0969,31.2432
2025-02-05 05:00:00,40.8561,0.0,13.227,6.773,0.0,45.1344,22.7739
2025-02-05 06:00:00,35.3812,0.0,14.133,5.867000000000001,0.0,40.8561,23.7923
2025-02-05 07:00:00,33.9082,0.0,14.977,5.023,0.0,35.3812,24.2738
2025-02-05 08:00:00,44.2344,39.109,15.702,4.298,1.0,33.9082,32.4391
2025-02-05 09:00:00,52.7354,60.66,16.258,3.742000000000001,1.0,44.2344,45.87
2025-02-05 10:00:00,61.7272,81.251,16.608,3.3919999999999995,1.0,52.7354,55.0411
2025-02-05 11:00:00,69.7238,82.408,16.727,3.2729999999999997,1.0,61.7272,66.2466
2025-02-05 12:00:00,73.028,104.479,16.608,3.3919999999999995,1.0,69.7238,73.0871
2025-02-05 13:00:00,77.3192,111.555,16.258,3.742000000000001,1.0,73.028,79.2716
2025-02-05 14:00:00,77.8001,139.213,15.702,4.298,1.0,77.3192,84.5779
2025-02-05 15:00:00,82.9795,129.895,14.977,5.023,1.0,77.8001,89.4388
2025-02-05 16:00:00,83.4876,137.566,14.133,5.867000000000001,1.0,82.9795,93.3863
2025-02-05 17:00:00,89.7809,119.341,13.227,6.773,1.0,83.4876,91.2249
2025-02-05 18:00:00,93.6608,117.133,12.321,7.679,1.0,89.7809,94.7652
2025-02-05 19:00:00,90.5787,90.841,11.477,8.523,1.0,93.6608,98.099
2025-02-05 20:00:00,92.2192,71.487,10.752,9.248,1.0,90.5787,94.4633
2025-02-05 21:00:00,93.2186,51.773,10.196,9.804,1.0,92.2192,96.8846
2025-02-05 22:00:00,77.7638,0.0,9.846,10.154,0.0,93.2186,83.7402
2025-02-05 23:00:00,67.3523,0.0,9.727,10.273,0.0,77.7638,73.5528
2025-02-06 00:00:00,61.0495,0.0,9.972,10.028,0.0,67.3523,63.9503
2025-02-06 01:00:00,55.0536,0.0,10.321,9.679,0.0,61.0495,54.6809
2025-02-06 02:00:00,47.4769,0.0,10.878,9.122,0.0,55.0536,49.3296
2025-02-06 03:00:00,41.839,0.0,11.603,8.397,0.0,47.4769,48.0969
2025-02-06 04:00:00,38.9495,0.0,12.447,7.553000000000001,0.0,41.839,45.1344
2025-02-06 05:00:00,37.0244,0.0,13.353,6.647,0.0,38.9495,40.8561
2025-02-06 06:00:00,35.437,0.0,14.258,5.742000000000001,0.0,37.0244,35.3812
2025-02-06 07:00:00,37.2328,0.0,15.103,4.897,0.0,35.437,33.9082
2025-02-06 08:00:00,48.6858,30.803,15.827,4.173,1.0,37.2328,44.2344
2025-02-06 09:00:00,58.6096,73.26,16.384,3.6159999999999997,1.0,48.6858,52.7354
2025-02-06 10:00:00,66.2632,64.008,16.733,3.2669999999999995,1.0,58.6096,61.7272
2025-02-06 11:00:00,69.1708,97.157,16.853,3.1469999999999985,1.0,66.2632,69.7238
2025-02-06 12:00:00,73.9553,99.933,16.733,3.2669999999999995,1.0,69.1708,73.028
2025-02-06 13:00:00,77.4402,114.966,16.384,3.6159999999999997,1.0,73.9553,77.3192
2025-02-06 14:00:00,80.5977,128.898,15.827,4.173,1.0,77.4402,77.8001
2025-02-06 15:00:00,81.8901,129.173,15.103,4.897,1.0,80.5977,82.9795
2025-02-06 16:00:00,86.0831,123.031,14.258,5.742000000000001,1.0,81.8901,83.4876
2025-02-06 17:00:00,87.9261,127.4,13.353,6.647,1.0,86.0831,89.7809
2025-02-06 18:00:00,93.3873,119.119,12.447,7.553000000000001,1.0,87.9261,93.6608
2025-02-06 19:00:00,95.4237,80.617,11.603,8.397,1.0,93.3873,90.5787
2025-02-06 20:00:00,96.052,80.858,10.878,9.122,1.0,95.4237,92.2192
2025-02-06 21:00:00,98.6355,39.645,10.321,9.679,1.0,96.052,93.2186
2025-02-06 22:00:00,79.9707,0.0,9.972,10.028,0.0,98.6355,77.7638
2025-02-06 23:00:00,71.9914,0.0,9.853,10.147,0.0,79.9707,67.3523
2025-02-07 00:00:00,62.0867,0.0,10.096,9.904,0.0,71.9914,61.0495
2025-02-07 01:00:00,50.9502,0.0,10.445,9.555,0.0,62.0867,55.0536
2025-02-07 02:00:00,41.8927,0.0,11.001,8.999,0.0,50.9502,47.4769
2025-02-07 03:00:00,40.1377,0.0,11.726,8.274,0.0,41.8927,41.839
2025-02-07 04:00:00,36.2928,0.0,12.57,7.43,0.0,40.1377,38.9495
2025-02-07 05:00:00,31.5911,0.0,13.476,6.523999999999999,0.0,36.2928,37.0244
2025-02-07 06:00:00,28.3249,0.0,14.382,5.618,0.0,31.5911,35.437
2025-02-07 07:00:00,24.7973,0.0,15.226,4.773999999999999,0.0,28.3249,37.2328
2025-02-07 08:00:00,37.262,31.463,15.951,4.0489999999999995,1.0,24.7973,48.6858
2025-02-07 09:00:00,52.3016,61.582,16.507,3.4929999999999986,1.0,37.262,58.6096
2025-02-07 10:00:00,64.4386,66.346,16.857,3.1430000000000007,1.0,52.3016,66.2632
2025-02-07 11:00:00,76.2496,99.196,16.976,3.024000000000001,1.0,64.4386,69.1708
2025-02-07 12:00:00,75.9851,102.587,16.857,3.1430000000000007,1.0,76.2496,73.9553
2025-02-07 13:00:00,78.7486,121.128,16.507,3.4929999999999986,1.0,75.9851,77.4402
2025-02-07 14:00:00,83.2849,121.909,15.951,4.0489999999999995,1.0,78.7486,80.5977
2025-02-07 15:00:00,87.7998,134.281,15.226,4.773999999999999,1.0,83.2849,81.8901
2025-02-07 16:00:00,89.8276,119.09,14.382,5.618,1.0,87.7998,86.0831
2025-02-07 17:00:00,92.2613,130.569,13.476,6.523999999999999,1.0,89.8276,87.9261
2025-02-07 18:00:00,93.6797,116.815,12.57,7.43,1.0,92.2613,93.3873
2025-02-07 19:00:00,91.1371,100.533,11.726,8.274,1.0,93.6797,95.4237
2025-02-07 20:00:00,89.4947,66.539,11.001,8.999,1.0,91.1371,96.052
2025-02-07 21:00:00,89.6641,53.792,10.445,9.555,1.0,89.4947,98.6355
2025-02-07 22:00:00,73.4382,0.0,10.096,9.904,0.0,89.6641,79.9707
2025-02-07 23:00:00,63.9729,0.0,9.976,10.024,0.0,73.4382,71.9914
2025-02-08 00:00:00,54.3334,0.0,10.218,9.782,0.0,63.9729,62.0867
2025-02-08 01:00:00,52.2629,0.0,10.567,9.433,0.0,54.3334,50.9502
2025-02-08 02:00:00,43.5053,0.0,11.124,8.876,0.0,52.2629,41.8927
2025-02-08 03:00:00,43.3634,0.0,11.848,8.152,0.0,43.5053,40.1377
2025-02-08 04:00:00,40.0584,0.0,12.693,7.307,0.0,43.3634,36.2928
2025-02-08 05:00:00,35.7266,0.0,13.598,6.401999999999999,0.0,40.0584,31.5911
2025-02-08 06:00:00,30.0823,0.0,14.504,5.496,0.0,35.7266,28.3249
2025-02-08 07:00:00,27.1995,0.0,15.348,4.651999999999999,0.0,30.0823,24.7973
2025-02-08 08:00:00,27.2285,0.0,16.073,3.9269999999999996,0.0,27.1995,37.262
2025-02-08 09:00:00,24.2162,0.0,16.63,3.370000000000001,0.0,27.2285,52.3016
2025-02-08 10:00:00,42.0104,59.859,16.979,3.021000000000001,1.0,24.2162,64.4386
2025-02-08 11:00:00,54.2645,74.55,17.098,2.902000000000001,1.0,42.0104,76.2496
2025-02-08 12:00:00,64.6422,63.231,16.979,3.021000000000001,1.0,54.2645,75.9851
2025-02-08 13:00:00,70.0278,88.222,16.63,3.370000000000001,1.0,64.6422,78.7486
2025-02-08 14:00:00,83.1173,89.223,16.073,3.9269999999999996,1.0,70.0278,83.2849
2025-02-08 15:00:00,83.8461,85.155,15.348,4.651999999999999,1.0,83.1173,87.7998
2025-02-08 16:00:00,87.7679,84.223,14.504,5.496,1.0,83.8461,89.8276
2025-02-08 17:00:00,86.7251,64.759,13.598,6.401999999999999,1.0,87.7679,92.2613
2025-02-08 18:00:00,71.9404,0.0,12.693,7.307,0.0,86.7251,93.6797
2025-02-08 19:00:00,59.7398,0.0,11.848,8.152,0.0,71.9404,91.1371
2025-02-08 20:00:00,46.708,0.0,11.124,8.876,0.0,59.7398,89.4947
2025-02-08 21:00:00,43.2135,0.0,10.567,9.433,0.0,46.708,89.6641
2025-02-08 22:00:00,38.9984,0.0,10.218,9.782,0.0,43.2135,73.4382
2025-02-08 23:00:00,39.6651,0.0,10.098,9.902,0.0,38.9984,63.9729
2025-02-09 00:00:00,36.2578,0.0,10.338,9.662,0.0,39.6651,54.3334
2025-02-09 01:00:00,33.6525,0.0,10.688,9.312,0.0,36.2578,52.2629
2025-02-09 02:00:00,31.5916,0.0,11.244,8.756,0.0,33.6525,43.5053
2025-02-09 03:00:00,31.0196,0.0,11.969,8.031,0.0,31.5916,43.3634
2025-02-09 04:00:00,28.7275,0.0,12.813,7.186999999999999,0.0,31.0196,40.0584
2025-02-09 05:00:00,33.0398,0.0,13.719,6.281000000000001,0.0,28.7275,35.7266
2025-02-09 06:00:00,26.8082,0.0,14.625,5.375,0.0,33.0398,30.0823
2025-02-09 07:00:00,23.2063,0.0,15.469,4.531000000000001,0.0,26.8082,27.1995
2025-02-09 08:00:00,23.8875,0.0,16.194,3.806000000000001,0.0,23.2063,27.2285
2025-02-09 09:00:00,19.2442,0.0,16.75,3.25,0.0,23.8875,24.2162
2025-02-09 10:00:00,35.8382,53.026,17.1,2.8999999999999986,1.0,19.2442,42.0104
2025-02-09 11:00:00,48.8325,57.635,17.219,2.780999999999999,1.0,35.8382,54.2645
2025-02-09 12:00:00,58.0249,61.996,17.1,2.8999999999999986,1.0,48.8325,64.6422
2025-02-09 13:00:00,72.0393,79.434,16.75,3.25,1.0,58.0249,70.0278
2025-02-09 14:00:00,77.0079,88.803,16.194,3.806000000000001,1.0,72.0393,83.1173
2025-02-09 15:00:00,77.982,73.729,15.469,4.531000000000001,1.0,77.0079,83.8461
2025-02-09 16:00:00,82.5588,76.914,14.625,5.375,1.0,77.982,87.7679
2025-02-09 17:00:00,90.2544,92.619,13.719,6.281000000000001,1.0,82.5588,86.7251
2025-02-09 18:00:00,72.1526,0.0,12.813,7.186999999999999,0.0,90.2544,71.9404
2025-02-09 19:00:00,64.3621,0.0,11.969,8.031,0.0,72.1526,59.7398
2025-02-09 20:00:00,54.6052,0.0,11.244,8.756,0.0,64.3621,46.708
2025-02-09 21:00:00,49.9462,0.0,10.688,9.312,0.0,54.6052,43.2135
2025-02-09 22:00:00,47.9451,0.0,10.338,9.662,0.0,49.9462,38.9984
2025-02-09 23:00:00,40.1526,0.0,10.219,9.781,0.0,47.9451,39.6651
2025-02-10 00:00:00,38.1352,0.0,10.457,9.543,0.0,40.1526,36.2578
2025-02-10 01:00:00,37.2331,0.0,10.807,9.193,0.0,38.1352,33.6525
2025-02-10 02:00:00,36.6673,0.0,11.363,8.637,0.0,37.2331,31.5916
2025-02-10 03:00:00,38.3847,0.0,12.088,7.912000000000001,0.0,36.6673,31.0196
2025-02-10 04:00:00,37.9683,0.0,12.932,7.068,0.0,38.3847,28.7275
2025-02-10 05:00:00,36.384,0.0,13.838,6.162000000000001,0.0,37.9683,33.0398
2025-02-10 06:00:00,35.7714,0.0,14.744,5.256,0.0,36.384,26.8082
2025-02-10 07:00:00,35.5455,0.0,15.588,4.412000000000001,0.0,35.7714,23.2063
2025-02-10 08:00:00,43.2068,38.391,16.313,3.687000000000001,1.0,35.5455,23.8875
2025-02-10 09:00:00,58.1175,70.86,16.869,3.1310000000000002,1.0,43.2068,19.2442
2025-02-10 10:00:00,66.3366,83.534,17.218,2.782,1.0,58.1175,35.8382
2025-02-10 11:00:00,69.3479,78.682,17.338,2.661999999999999,1.0,66.3366,48.8325
2025-02-10 12:00:00,75.6015,107.915,17.218,2.782,1.0,69.3479,58.0249
2025-02-10 13:00:00,81.2579,126.372,16.869,3.1310000000000002,1.0,75.6015,72.0393
2025-02-10 14:00:00,83.8371,127.818,16.313,3.687000000000001,1.0,81.2579,77.0079
2025-02-10 15:00:00,84.9765,133.821,15.588,4.412000000000001,1.0,83.8371,77.982
2025-02-10 16:00:00,87.452,131.002,14.744,5.256,1.0,84.9765,82.5588
2025-02-10 17:00:00,92.9341,120.485,13.838,6.162000000000001,1.0,87.452,90.2544
2025-02-10 18:00:00,93.7164,105.683,12.932,7.068,1.0,92.9341,72.1526
2025-02-10 19:00:00,90.5063,92.615,12.088,7.912000000000001,1.0,93.7164,64.3621
2025-02-10 20:00:00,91.589,76.739,11.363,8.637,1.0,90.5063,54.6052
2025-02-10 21:00:00,95.6163,55.472,10.807,9.193,1.0,91.589,49.9462
2025-02-10 22:00:00,79.5689,0.0,10.457,9.543,0.0,95.6163,47.9451
2025-02-10 23:00:00,65.7332,0.0,10.338,9.662,0.0,79.5689,40.1526
2025-02-11 00:00:00,57.9181,0.0,10.574,9.426,0.0,65.7332,38.1352
2025-02-11 01:00:00,49.4129,0.0,10.924,9.076,0.0,57.9181,37.2331
2025-02-11 02:00:00,38.5057,0.0,11.48,8.52,0.0,49.4129,36.6673
2025-02-11 03:00:00,34.6343,0.0,12.205,7.795,0.0,38.5057,38.3847
2025-02-11 04:00:00,32.3878,0.0,13.049,6.9510000000000005,0.0,34.6343,37.9683
2025-02-11 05:00:00,31.0338,0.0,13.955,6.045,0.0,32.3878,36.384
2025-02-11 06:00:00,25.4917,0.0,14.861,5.138999999999999,0.0,31.0338,35.7714
2025-02-11 07:00:00,22.2937,0.0,15.705,4.295,0.0,25.4917,35.5455
2025-02-11 08:00:00,38.0249,40.002,16.43,3.5700000000000003,1.0,22.2937,43.2068
2025-02-11 09:00:00,48.1569,78.631,16.986,3.0139999999999993,1.0,38.0249,58.1175
2025-02-11 10:00:00,56.6427,77.972,17.335,2.664999999999999,1.0,48.1569,66.3366
2025-02-11 11:00:00,66.5467,106.485,17.455,2.5450000000000017,1.0,56.6427,69.3479
2025-02-11 12:00:00,74.8441,112.842,17.335,2.664999999999999,1.0,66.5467,75.6015
2025-02-11 13:00:00,81.8088,130.254,16.986,3.0139999999999993,1.0,74.8441,81.2579
2025-02-11 14:00:00,81.7712,148.548,16.43,3.5700000000000003,1.0,81.8088,83.8371
2025-02-11 15:00:00,88.4824,133.957,15.705,4.295,1.0,81.7712,84.9765
2025-02-11 16:00:00,90.0313,137.182,14.861,5.138999999999999,1.0,88.4824,87.452
2025-02-11 17:00:00,89.3023,128.039,13.955,6.045,1.0,90.0313,92.9341
2025-02-11 18:00:00,90.674,108.247,13.049,6.9510000000000005,1.0,89.3023,93.7164
2025-02-11 19:00:00,89.257,96.299,12.205,7.795,1.0,90.674,90.5063
2025-02-11 20:00:00,89.7444,60.459,11.48,8.52,1.0,89.257,91.589
2025-02-11 21:00:00,93.6122,37.88,10.924,9.076,1.0,89.7444,95.6163
2025-02-11 22:00:00,81.076,0.0,10.574,9.426,0.0,93.6122,79.5689
2025-02-11 23:00:00,68.2358,0.0,10.455,9.545,0.0,81.076,65.7332
2025-02-12 00:00:00,61.8559,0.0,10.689,9.311,0.0,68.2358,57.9181
2025-02-12 01:00:00,54.7184,0.0,11.039,8.961,0.0,61.8559,49.4129
2025-02-12 02:00:00,45.0491,0.0,11.595,8.405,0.0,54.7184,38.5057
2025-02-12 03:00:00,38.4466,0.0,12.32,7.68,0.0,45.0491,34.6343
2025-02-12 04:00:00,36.6792,0.0,13.164,6.836,0.0,38.4466,32.3878
2025-02-12 05:00:00,34.4057,0.0,14.07,5.93,0.0,36.6792,31.0338
2025-02-12 06:00:00,34.3236,0.0,14.976,5.023999999999999,0.0,34.4057,25.4917
2025-02-12 07:00:00,30.8445,0.0,15.82,4.18,0.0,34.3236,22.2937
2025-02-12 08:00:00,36.5752,42.148,16.545,3.4549999999999983,1.0,30.8445,38.0249
2025-02-12 09:00:00,51.8417,54.571,17.101,2.899000000000001,1.0,36.5752,48.1569
2025-02-12 10:00:00,59.8945,80.516,17.451,2.5489999999999995,1.0,51.8417,56.6427
2025-02-12 11:00:00,69.592,104.784,17.57,2.4299999999999997,1.0,59.8945,66.5467
2025-02-12 12:00:00,77.9979,131.557,17.451,2.5489999999999995,1.0,69.592,74.8441
2025-02-12 13:00:00,84.2441,114.966,17.101,2.899000000000001,1.0,77.9979,81.8088
2025-02-12 14:00:00,92.0389,118.953,16.545,3.4549999999999983,1.0,84.2441,81.7712
2025-02-12 15:00:00,92.3284,134.612,15.82,4.18,1.0,92.0389,88.4824
2025-02-12 16:00:00,90.6709,138.499,14.976,5.023999999999999,1.0,92.3284,90.0313
2025-02-12 17:00:00,87.6776,112.691,14.07,5.93,1.0,90.6709,89.3023
2025-02-12 18:00:00,90.1136,116.126,13.164,6.836,1.0,87.6776,90.674
2025-02-12 19:00:00,91.334,86.235,12.32,7.68,1.0,90.1136,89.257
2025-02-12 20:00:00,95.3492,72.145,11.595,8.405,1.0,91.334,89.7444
2025-02-12 21:00:00,93.6605,27.93,11.039,8.961,1.0,95.3492,93.6122
2025-02-12 22:00:00,79.29,0.0,10.689,9.311,0.0,93.6605,81.076
2025-02-12 23:00:00,64.7356,0.0,10.57,9.43,0.0,79.29,68.2358
2025-02-13 00:00:00,55.0016,0.0,10.803,9.197,0.0,64.7356,61.8559
2025-02-13 01:00:00,48.4668,0.0,11.152,8.848,0.0,55.0016,54.7184
2025-02-13 02:00:00,49.9737,0.0,11.709,8.291,0.0,48.4668,45.0491
2025-02-13 03:00:00,41.2646,0.0,12.433,7.567,0.0,49.9737,38.4466
2025-02-13 04:00:00,37.6853,0.0,13.278,6.7219999999999995,0.0,41.2646,36.6792
2025-02-13 05:00:00,34.3568,0.0,14.183,5.817,0.0,37.6853,34.4057
2025-02-13 06:00:00,31.2794,0.0,15.089,4.911,0.0,34.3568,34.3236
2025-02-13 07:00:00,23.1803,0.0,15.933,4.067,0.0,31.2794,30.8445
2025-02-13 08:00:00,33.6934,29.87,16.658,3.3419999999999987,1.0,23.1803,36.5752
2025-02-13 09:00:00,37.4569,51.911,17.215,2.785,1.0,33.6934,51.8417
2025-02-13 10:00:00,45.1272,73.548,17.564,2.436,1.0,37.4569,59.8945
2025-02-13 11:00:00,57.8637,105.993,17.683,2.317,1.0,45.1272,69.592
2025-02-13 12:00:00,67.5644,93.325,17.564,2.436,1.0,57.8637,77.9979
2025-02-13 13:00:00,76.4709,128.334,17.215,2.785,1.0,67.5644,84.2441
2025-02-13 14:00:00,77.5728,135.634,16.658,3.3419999999999987,1.0,76.4709,92.0389
2025-02-13 15:00:00,77.8685,123.87,15.933,4.067,1.0,77.5728,92.3284
2025-02-13 16:00:00,82.7193,140.303,15.089,4.911,1.0,77.8685,90.6709
2025-02-13 17:00:00,88.9998,126.527,14.183,5.817,1.0,82.7193,87.6776
2025-02-13 18:00:00,94.4817,114.903,13.278,6.7219999999999995,1.0,88.9998,90.1136
2025-02-13 19:00:00,91.406,90.139,12.433,7.567,1.0,94.4817,91.334
2025-02-13 20:00:00,90.845,77.218,11.709,8.291,1.0,91.406,95.3492
2025-02-13 21:00:00,94.117,45.523,11.152,8.848,1.0,90.845,93.6605
2025-02-13 22:00:00,78.9007,0.0,10.803,9.197,0.0,94.117,79.29
2025-02-13 23:00:00,63.8987,0.0,10.683,9.317,0.0,78.9007,64.7356
2025-02-14 00:00:00,54.9626,0.0,10.914,9.086,0.0,63.8987,55.0016
2025-02-14 01:00:00,46.373,0.0,11.264,8.736,0.0,54.9626,48.4668
2025-02-14 02:00:00,39.0598,0.0,11.82,8.18,0.0,46.373,49.9737
2025-02-14 03:00:00,34.4765,0.0,12.545,7.455,0.0,39.0598,41.2646
2025-02-14 04:00:00,26.1971,0.0,13.389,6.611000000000001,0.0,34.4765,37.6853
2025-02-14 05:00:00,20.2749,0.0,14.295,5.705,0.0,26.1971,34.3568
2025-02-14 06:00:00,18.6183,0.0,15.201,4.7989999999999995,0.0,20.2749,31.2794
2025-02-14 07:00:00,20.6046,0.0,16.045,3.9549999999999983,0.0,18.6183,23.1803
2025-02-14 08:00:00,36.5306,32.97,16.77,3.2300000000000004,1.0,20.6046,33.6934
2025-02-14 09:00:00,45.359,57.903,17.326,2.6739999999999995,1.0,36.5306,37.4569
2025-02-14 10:00:00,54.0901,70.576,17.676,2.3240000000000016,1.0,45.359,45.1272
2025-02-14 11:00:00,64.0616,104.947,17.795,2.2049999999999983,1.0,54.0901,57.8637
2025-02-14 12:00:00,69.4373,111.157,17.676,2.3240000000000016,1.0,64.0616,67.5644
2025-02-14 13:00:00,69.7599,123.25,17.326,2.6739999999999995,1.0,69.4373,76.4709
2025-02-14 14:00:00,76.6602,134.149,16.77,3.2300000000000004,1.0,69.7599,77.5728
2025-02-14 15:00:00,78.7128,136.219,16.045,3.9549999999999983,1.0,76.6602,77.8685
2025-02-14 16:00:00,85.2853,146.01,15.201,4.7989999999999995,1.0,78.7128,82.7193
2025-02-14 17:00:00,89.8548,135.612,14.295,5.705,1.0,85.2853,88.9998
2025-02-14 18:00:00,92.3109,115.484,13.389,6.611000000000001,1.0,89.8548,94.4817
2025-02-14 19:00:00,90.33,73.417,12.545,7.455,1.0,92.3109,91.406
2025-02-14 20:00:00,90.0603,69.139,11.82,8.18,1.0,90.33,90.845
2025-02-14 21:00:00,92.6558,52.738,11.264,8.736,1.0,90.0603,94.117
2025-02-14 22:00:00,74.6346,0.0,10.914,9.086,0.0,92.6558,78.9007
2025-02-14 23:00:00,63.3012,0.0,10.795,9.205,0.0,74.6346,63.8987
2025-02-15 00:00:00,52.8903,0.0,11.024,8.976,0.0,63.3012,54.9626
2025-02-15 01:00:00,43.5061,0.0,11.374,8.626,0.0,52.8903,46.373
2025-02-15 02:00:00,40.2692,0.0,11.93,8.07,0.0,43.5061,39.0598
2025-02-15 03:00:00,38.4096,0.0,12.655,7.345000000000001,0.0,40.2692,34.4765
2025-02-15 04:00:00,31.3381,0.0,13.499,6.5009999999999994,0.0,38.4096,26.1971
2025-02-15 05:00:00,32.3109,0.0,14.405,5.595000000000001,0.0,31.3381,20.2749
2025-02-15 06:00:00,27.7858,0.0,15.311,4.689,0.0,32.3109,18.6183
2025-02-15 07:00:00,26.7591,0.0,16.155,3.844999999999999,0.0,27.7858,20.6046
2025-02-15 08:00:00,19.6099,0.0,16.88,3.120000000000001,0.0,26.7591,36.5306
2025-02-15 09:00:00,21.1347,0.0,17.436,2.564,0.0,19.6099,45.359
2025-02-15 10:00:00,40.8497,60.141,17.786,2.2139999999999986,1.0,21.1347,54.0901
2025-02-15 11:00:00,60.5587,70.931,17.905,2.094999999999999,1.0,40.8497,64.0616
2025-02-15 12:00:00,64.5613,71.505,17.786,2.2139999999999986,1.0,60.5587,69.4373
2025-02-15 13:00:00,70.2163,72.508,17.436,2.564,1.0,64.5613,69.7599
2025-02-15 14:00:00,73.3803,102.714,16.88,3.120000000000001,1.0,70.2163,76.6602
2025-02-15 15:00:00,73.2101,93.087,16.155,3.844999999999999,1.0,73.3803,78.7128
2025-02-15 16:00:00,79.0119,83.819,15.311,4.689,1.0,73.2101,85.2853
2025-02-15 17:00:00,82.7616,75.034,14.405,5.595000000000001,1.0,79.0119,89.8548
2025-02-15 18:00:00,67.3387,0.0,13.499,6.5009999999999994,0.0,82.7616,92.3109
2025-02-15 19:00:00,60.2125,0.0,12.655,7.345000000000001,0.0,67.3387,90.33
2025-02-15 20:00:00,51.0589,0.0,11.93,8.07,0.0,60.2125,90.0603
2025-02-15 21:00:00,43.7838,0.0,11.374,8.626,0.0,51.0589,92.6558
2025-02-15 22:00:00,40.4867,0.0,11.024,8.976,0.0,43.7838,74.6346
2025-02-15 23:00:00,39.4996,0.0,10.905,9.095,0.0,40.4867,63.3012
2025-02-16 00:00:00,34.3288,0.0,11.132,8.868,0.0,39.4996,52.8903
2025-02-16 01:00:00,35.5188,0.0,11.482,8.518,0.0,34.3288,43.5061
2025-02-16 02:00:00,33.5395,0.0,12.038,7.962,0.0,35.5188,40.2692
2025-02-16 03:00:00,27.4138,0.0,12.763,7.237,0.0,33.5395,38.4096
2025-02-16 04:00:00,24.7047,0.0,13.607,6.393000000000001,0.0,27.4138,31.3381
2025-02-16 05:00:00,21.6968,0.0,14.513,5.487,0.0,24.7047,32.3109
2025-02-16 06:00:00,23.9614,0.0,15.419,4.5809999999999995,0.0,21.6968,27.7858
2025-02-16 07:00:00,20.5038,0.0,16.263,3.7369999999999983,0.0,23.9614,26.7591
2025-02-16 08:00:00,14.145,0.0,16.988,3.0120000000000005,0.0,20.5038,19.6099
2025-02-16 09:00:00,12.8309,0.0,17.544,2.4559999999999995,0.0,14.145,21.1347
2025-02-16 10:00:00,27.5412,59.429,17.894,2.1060000000000016,1.0,12.8309,40.8497
2025-02-16 11:00:00,44.7195,58.514,18.013,1.9869999999999983,1.0,27.5412,60.5587
2025-02-16 12:00:00,56.0861,90.361,17.894,2.1060000000000016,1.0,44.7195,64.5613
2025-02-16 13:00:00,61.8517,78.324,17.544,2.4559999999999995,1.0,56.0861,70.2163
2025-02-16 14:00:00,67.8633,85.678,16.988,3.0120000000000005,1.0,61.8517,73.3803
2025-02-16 15:00:00,76.8695,84.789,16.263,3.7369999999999983,1.0,67.8633,73.2101
2025-02-16 16:00:00,85.5298,72.556,15.419,4.5809999999999995,1.0,76.8695,79.0119
2025-02-16 17:00:00,88.9205,106.344,14.513,5.487,1.0,85.5298,82.7616
2025-02-16 18:00:00,74.0631,0.0,13.607,6.393000000000001,0.0,88.9205,67.3387
2025-02-16 19:00:00,62.2987,0.0,12.763,7.237,0.0,74.0631,60.2125
2025-02-16 20:00:00,54.0417,0.0,12.038,7.962,0.0,62.2987,51.0589
2025-02-16 21:00:00,45.2547,0.0,11.482,8.518,0.0,54.0417,43.7838
2025-02-16 22:00:00,39.5015,0.0,11.132,8.868,0.0,45.2547,40.4867
2025-02-16 23:00:00,33.3726,0.0,11.013,8.987,0.0,39.5015,39.4996
2025-02-17 00:00:00,30.5913,0.0,11.238,8.762,0.0,33.3726,34.3288
2025-02-17 01:00:00,30.5384,0.0,11.588,8.412,0.0,30.5913,35.5188
2025-02-17 02:00:00,25.6488,0.0,12.144,7.856,0.0,30.5384,33.5395
2025-02-17 03:00:00,21.5504,0.0,12.869,7.131,0.0,25.6488,27.4138
2025-02-17 04:00:00,23.2986,0.0,13.713,6.287000000000001,0.0,21.5504,24.7047
2025-02-17 05:00:00,18.6399,0.0,14.619,5.381,0.0,23.2986,21.6968
2025-02-17 06:00:00,16.0083,0.0,15.525,4.475,0.0,18.6399,23.9614
2025-02-17 07:00:00,12.4482,0.0,16.369,3.6310000000000002,0.0,16.0083,20.5038
2025-02-17 08:00:00,31.3613,34.807,17.094,2.905999999999999,1.0,12.4482,14.145
2025-02-17 09:00:00,42.2304,42.464,17.65,2.3500000000000014,1.0,31.3613,12.8309
2025-02-17 10:00:00,57.4658,77.449,17.999,2.0010000000000012,1.0,42.2304,27.5412
2025-02-17 11:00:00,64.0832,96.988,18.119,1.8810000000000002,1.0,57.4658,44.7195
2025-02-17 12:00:00,74.1098,104.17,17.999,2.0010000000000012,1.0,64.0832,56.0861
2025-02-17 13:00:00,82.7749,128.145,17.65,2.3500000000000014,1.0,74.1098,61.8517
2025-02-17 14:00:00,88.5916,139.07,17.094,2.905999999999999,1.0,82.7749,67.8633
2025-02-17 15:00:00,87.5902,136.215,16.369,3.6310000000000002,1.0,88.5916,76.8695
2025-02-17 16:00:00,86.339,135.33,15.525,4.475,1.0,87.5902,85.5298
2025-02-17 17:00:00,85.9505,112.915,14.619,5.381,1.0,86.339,88.9205
2025-02-17 18:00:00,84.3827,107.078,13.713,6.287000000000001,1.0,85.9505,74.0631
2025-02-17 19:00:00,85.2615,90.25,12.869,7.131,1.0,84.3827,62.2987
2025-02-17 20:00:00,84.0291,66.608,12.144,7.856,1.0,85.2615,54.0417
2025-02-17 21:00:00,85.1339,63.684,11.588,8.412,1.0,84.0291,45.2547
2025-02-17 22:00:00,73.5322,0.0,11.238,8.762,0.0,85.1339,39.5015
2025-02-17 23:00:00,62.215,0.0,11.119,8.881,0.0,73.5322,33.3726
2025-02-18 00:00:00,51.7282,0.0,11.342,8.658,0.0,62.215,30.5913
2025-02-18 01:00:00,44.6447,0.0,11.692,8.308,0.0,51.7282,30.5384
2025-02-18 02:00:00,38.5664,0.0,12.248,7.752000000000001,0.0,44.6447,25.6488
2025-02-18 03:00:00,36.974,0.0,12.973,7.026999999999999,0.0,38.5664,21.5504
2025-02-18 04:00:00,31.3385,0.0,13.817,6.183,0.0,36.974,23.2986
2025-02-18 05:00:00,29.2366,0.0,14.723,5.276999999999999,0.0,31.3385,18.6399
2025-02-18 06:00:00,22.3847,0.0,15.629,4.371,0.0,29.2366,16.0083
2025-02-18 07:00:00,19.6948,0.0,16.473,3.527000000000001,0.0,22.3847,12.4482
2025-02-18 08:00:00,31.4814,33.823,17.198,2.8019999999999996,1.0,19.6948,31.3613
2025-02-18 09:00:00,38.6869,43.423,17.754,2.2459999999999987,1.0,31.4814,42.2304
2025-02-18 10:00:00,52.9442,77.933,18.103,1.8969999999999985,1.0,38.6869,57.4658
2025-02-18 11:00:00,68.6083,95.747,18.223,1.777000000000001,1.0,52.9442,64.0832
2025-02-18 12:00:00,76.7425,117.663,18.103,1.8969999999999985,1.0,68.6083,74.1098
2025-02-18 13:00:00,78.6008,112.284,17.754,2.2459999999999987,1.0,76.7425,82.7749
2025-02-18 14:00:00,81.1088,138.56,17.198,2.8019999999999996,1.0,78.6008,88.5916
2025-02-18 15:00:00,85.86,140.263,16.473,3.527000000000001,1.0,81.1088,87.5902
2025-02-18 16:00:00,89.3728,143.514,15.629,4.371,1.0,85.86,86.339
2025-02-18 17:00:00,90.5378,117.388,14.723,5.276999999999999,1.0,89.3728,85.9505
2025-02-18 18:00:00,90.8313,115.657,13.817,6.183,1.0,90.5378,84.3827
2025-02-18 19:00:00,90.7046,81.044,12.973,7.026999999999999,1.0,90.8313,85.2615
2025-02-18 20:00:00,96.0491,56.249,12.248,7.752000000000001,1.0,90.7046,84.0291
2025-02-18 21:00:00,97.6604,66.648,11.692,8.308,1.0,96.0491,85.1339
2025-02-18 22:00:00,81.5615,0.0,11.342,8.658,0.0,97.6604,73.5322
2025-02-18 23:00:00,66.7083,0.0,11.223,8.777,0.0,81.5615,62.215
2025-02-19 00:00:00,53.1585,0.0,11.444,8.556,0.0,66.7083,51.7282
2025-02-19 01:00:00,45.5113,0.0,11.794,8.206,0.0,53.1585,44.6447
2025-02-19 02:00:00,40.9591,0.0,12.35,7.65,0.0,45.5113,38.5664
2025-02-19 03:00:00,38.6855,0.0,13.075,6.925000000000001,0.0,40.9591,36.974
2025-02-19 04:00:00,31.9809,0.0,13.919,6.0809999999999995,0.0,38.6855,31.3385
2025-02-19 05:00:00,29.5507,0.0,14.825,5.175000000000001,0.0,31.9809,29.2366
2025-02-19 06:00:00,26.9542,0.0,15.731,4.269,0.0,29.5507,22.3847
2025-02-19 07:00:00,25.6874,0.0,16.575,3.4250000000000007,0.0,26.9542,19.6948
2025-02-19 08:00:00,28.7844,24.89,17.3,2.6999999999999993,1.0,25.6874,31.4814
2025-02-19 09:00:00,43.2465,57.63,17.856,2.1439999999999984,1.0,28.7844,38.6869
2025-02-19 10:00:00,53.784,69.558,18.205,1.7950000000000017,1.0,43.2465,52.9442
2025-02-19 11:00:00,59.1261,95.132,18.325,1.6750000000000007,1.0,53.784,68.6083
2025-02-19 12:00:00,64.912,117.154,18.205,1.7950000000000017,1.0,59.1261,76.7425
2025-02-19 13:00:00,79.7539,105.282,17.856,2.1439999999999984,1.0,64.912,78.6008
2025-02-19 14:00:00,80.5563,140.459,17.3,2.6999999999999993,1.0,79.7539,81.1088
2025-02-19 15:00:00,79.8607,130.026,16.575,3.4250000000000007,1.0,80.5563,85.86
2025-02-19 16:00:00,78.2598,126.952,15.731,4.269,1.0,79.8607,89.3728
2025-02-19 17:00:00,80.5102,122.443,14.825,5.175000000000001,1.0,78.2598,90.5378
2025-02-19 18:00:00,80.8473,95.715,13.919,6.0809999999999995,1.0,80.5102,90.8313
2025-02-19 19:00:00,80.6496,99.049,13.075,6.925000000000001,1.0,80.8473,90.7046
2025-02-19 20:00:00,86.3677,69.17,12.35,7.65,1.0,80.6496,96.0491
2025-02-19 21:00:00,92.4871,55.193,11.794,8.206,1.0,86.3677,97.6604
2025-02-19 22:00:00,77.2534,0.0,11.444,8.556,0.0,92.4871,81.5615
2025-02-19 23:00:00,64.2034,0.0,11.325,8.675,0.0,77.2534,66.7083
2025-02-20 00:00:00,56.3249,0.0,11.544,8.456,0.0,64.2034,53.1585
2025-02-20 01:00:00,46.4237,0.0,11.894,8.106,0.0,56.3249,45.5113
2025-02-20 02:00:00,45.755,0.0,12.45,7.550000000000001,0.0,46.4237,40.9591
2025-02-20 03:00:00,36.0245,0.0,13.175,6.824999999999999,0.0,45.755,38.6855
2025-02-20 04:00:00,28.5611,0.0,14.019,5.981,0.0,36.0245,31.9809
2025-02-20 05:00:00,27.9071,0.0,14.925,5.074999999999999,0.0,28.5611,29.5507
2025-02-20 06:00:00,20.6534,0.0,15.831,4.1690000000000005,0.0,27.9071,26.9542
2025-02-20 07:00:00,20.849,0.0,16.675,3.3249999999999993,0.0,20.6534,25.6874
2025-02-20 08:00:00,32.6677,38.62,17.4,2.6000000000000014,1.0,20.849,28.7844
2025-02-20 09:00:00,43.9026,61.373,17.956,2.0440000000000005,1.0,32.6677,43.2465
2025-02-20 10:00:00,54.264,61.951,18.305,1.6950000000000003,1.0,43.9026,53.784
2025-02-20 11:00:00,61.2781,94.593,18.425,1.5749999999999993,1.0,54.264,59.1261
2025-02-20 12:00:00,69.3374,128.314,18.305,1.6950000000000003,1.0,61.2781,64.912
2025-02-20 13:00:00,71.5845,134.307,17.956,2.0440000000000005,1.0,69.3374,79.7539
2025-02-20 14:00:00,77.1424,132.071,17.4,2.6000000000000014,1.0,71.5845,80.5563
2025-02-20 15:00:00,80.6512,132.88,16.675,3.3249999999999993,1.0,77.1424,79.8607
2025-02-20 16:00:00,81.2402,132.212,15.831,4.1690000000000005,1.0,80.6512,78.2598
2025-02-20 17:00:00,82.9671,131.754,14.925,5.074999999999999,1.0,81.2402,80.5102
2025-02-20 18:00:00,84.6381,90.162,14.019,5.981,1.0,82.9671,80.8473
2025-02-20 19:00:00,85.8687,108.923,13.175,6.824999999999999,1.0,84.6381,80.6496
2025-02-20 20:00:00,89.4744,81.122,12.45,7.550000000000001,1.0,85.8687,86.3677
2025-02-20 21:00:00,92.1685,46.31,11.894,8.106,1.0,89.4744,92.4871
2025-02-20 22:00:00,80.8425,0.0,11.544,8.456,0.0,92.1685,77.2534
2025-02-20 23:00:00,67.6088,0.0,11.425,8.575,0.0,80.8425,64.2034
2025-02-21 00:00:00,56.938,0.0,11.642,8.358,0.0,67.6088,56.3249
2025-02-21 01:00:00,52.1511,0.0,11.992,8.008,0.0,56.938,46.4237
2025-02-21 02:00:00,47.3331,0.0,12.548,7.452,0.0,52.1511,45.755
2025-02-21 03:00:00,41.4309,0.0,13.273,6.727,0.0,47.3331,36.0245
2025-02-21 04:00:00,36.0459,0.0,14.117,5.882999999999999,0.0,41.4309,28.5611
2025-02-21 05:00:00,32.1545,0.0,15.023,4.977,0.0,36.0459,27.9071
2025-02-21 06:00:00,28.6961,0.0,15.929,4.071,0.0,32.1545,20.6534
2025-02-21 07:00:00,23.1083,0.0,16.773,3.2270000000000003,0.0,28.6961,20.849
2025-02-21 08:00:00,34.502,35.343,17.498,2.501999999999999,1.0,23.1083,32.6677
2025-02-21 09:00:00,46.6292,61.039,18.054,1.9460000000000015,1.0,34.502,43.9026
2025-02-21 10:00:00,55.996,90.175,18.403,1.5970000000000013,1.0,46.6292,54.264
2025-02-21 11:00:00,67.9708,106.455,18.523,1.4770000000000003,1.0,55.996,61.2781
2025-02-21 12:00:00,70.0892,105.622,18.403,1.5970000000000013,1.0,67.9708,69.3374
2025-02-21 13:00:00,81.0253,120.527,18.054,1.9460000000000015,1.0,70.0892,71.5845
2025-02-21 14:00:00,84.4025,144.237,17.498,2.501999999999999,1.0,81.0253,77.1424
2025-02-21 15:00:00,92.5195,133.087,16.773,3.2270000000000003,1.0,84.4025,80.6512
2025-02-21 16:00:00,93.4376,142.625,15.929,4.071,1.0,92.5195,81.2402
2025-02-21 17:00:00,93.8609,130.945,15.023,4.977,1.0,93.4376,82.9671
2025-02-21 18:00:00,96.3803,120.782,14.117,5.882999999999999,1.0,93.8609,84.6381
2025-02-21 19:00:00,96.4723,109.532,13.273,6.727,1.0,96.3803,85.8687
2025-02-21 20:00:00,98.0871,67.307,12.548,7.452,1.0,96.4723,89.4744
2025-02-21 21:00:00,91.7667,37.055,11.992,8.008,1.0,98.0871,92.1685
2025-02-21 22:00:00,75.6518,0.0,11.642,8.358,0.0,91.7667,80.8425
2025-02-21 23:00:00,62.4021,0.0,11.523,8.477,0.0,75.6518,67.6088
2025-02-22 00:00:00,53.1439,0.0,11.738,8.262,0.0,62.4021,56.938
2025-02-22 01:00:00,46.2589,0.0,12.087,7.913,0.0,53.1439,52.1511
2025-02-22 02:00:00,41.2334,0.0,12.644,7.356,0.0,46.2589,47.3331
2025-02-22 03:00:00,39.3598,0.0,13.369,6.631,0.0,41.2334,41.4309
2025-02-22 04:00:00,35.7401,0.0,14.213,5.787000000000001,0.0,39.3598,36.0459
2025-02-22 05:00:00,29.198,0.0,15.119,4.881,0.0,35.7401,32.1545
2025-02-22 06:00:00,19.9347,0.0,16.024,3.975999999999999,0.0,29.198,28.6961
2025-02-22 07:00:00,21.3438,0.0,16.869,3.1310000000000002,0.0,19.9347,23.1083
2025-02-22 08:00:00,20.9707,0.0,17.593,2.407,0.0,21.3438,34.502
2025-02-22 09:00:00,15.7805,0.0,18.15,1.8500000000000014,0.0,20.9707,46.6292
2025-02-22 10:00:00,29.4414,47.024,18.499,1.5010000000000012,1.0,15.7805,55.996
2025-02-22 11:00:00,45.6277,63.021,18.619,1.3810000000000002,1.0,29.4414,67.9708
2025-02-22 12:00:00,57.3226,70.24,18.499,1.5010000000000012,1.0,45.6277,70.0892
2025-02-22 13:00:00,65.0157,95.844,18.15,1.8500000000000014,1.0,57.3226,81.0253
2025-02-22 14:00:00,70.9934,87.861,17.593,2.407,1.0,65.0157,84.4025
2025-02-22 15:00:00,81.6674,89.68,16.869,3.1310000000000002,1.0,70.9934,92.5195
2025-02-22 16:00:00,83.6097,81.738,16.024,3.975999999999999,1.0,81.6674,93.4376
2025-02-22 17:00:00,83.2416,84.343,15.119,4.881,1.0,83.6097,93.8609
2025-02-22 18:00:00,69.852,0.0,14.213,5.787000000000001,0.0,83.2416,96.3803
2025-02-22 19:00:00,62.6296,0.0,13.369,6.631,0.0,69.852,96.4723
2025-02-22 20:00:00,50.521,0.0,12.644,7.356,0.0,62.6296,98.0871
2025-02-22 21:00:00,45.1648,0.0,12.087,7.913,0.0,50.521,91.7667
2025-02-22 22:00:00,44.1811,0.0,11.738,8.262,0.0,45.1648,75.6518
2025-02-22 23:00:00,43.4653,0.0,11.619,8.381,0.0,44.1811,62.4021
2025-02-23 00:00:00,39.7771,0.0,11.832,8.168,0.0,43.4653,53.1439
2025-02-23 01:00:00,36.2841,0.0,12.181,7.819000000000001,0.0,39.7771,46.2589
2025-02-23 02:00:00,34.3719,0.0,12.737,7.263,0.0,36.2841,41.2334
2025-02-23 03:00:00,35.2067,0.0,13.462,6.538,0.0,34.3719,39.3598
2025-02-23 04:00:00,30.402,0.0,14.306,5.694000000000001,0.0,35.2067,35.7401
2025-02-23 05:00:00,28.6965,0.0,15.212,4.788,0.0,30.402,29.198
2025-02-23 06:00:00,25.7928,0.0,16.118,3.8820000000000014,0.0,28.6965,19.9347
2025-02-23 07:00:00,18.8653,0.0,16.962,3.0380000000000003,0.0,25.7928,21.3438
2025-02-23 08:00:00,16.7761,0.0,17.687,2.312999999999999,0.0,18.8653,20.9707
2025-02-23 09:00:00,13.3849,0.0,18.243,1.7570000000000014,0.0,16.7761,15.7805
2025-02-23 10:00:00,26.9122,40.309,18.593,1.407,1.0,13.3849,29.4414
2025-02-23 11:00:00,42.5963,60.13,18.712,1.2880000000000003,1.0,26.9122,45.6277
2025-02-23 12:00:00,57.3303,84.206,18.593,1.407,1.0,42.5963,57.3226
2025-02-23 13:00:00,67.2638,67.53,18.243,1.7570000000000014,1.0,57.3303,65.0157
2025-02-23 14:00:00,72.4885,77.516,17.687,2.312999999999999,1.0,67.2638,70.9934
2025-02-23 15:00:00,76.8273,108.957,16.962,3.0380000000000003,1.0,72.4885,81.6674
2025-02-23 16:00:00,81.5202,93.26,16.118,3.8820000000000014,1.0,76.8273,83.6097
2025-02-23 17:00:00,81.0284,83.093,15.212,4.788,1.0,81.5202,83.2416
2025-02-23 18:00:00,65.5224,0.0,14.306,5.694000000000001,0.0,81.0284,69.852
2025-02-23 19:00:00,63.1457,0.0,13.462,6.538,0.0,65.5224,62.6296
2025-02-23 20:00:00,55.5246,0.0,12.737,7.263,0.0,63.1457,50.521
2025-02-23 21:00:00,53.6457,0.0,12.181,7.819000000000001,0.0,55.5246,45.1648
2025-02-23 22:00:00,48.7249,0.0,11.832,8.168,0.0,53.6457,44.1811
2025-02-23 23:00:00,41.9156,0.0,11.712,8.288,0.0,48.7249,43.4653
2025-02-24 00:00:00,42.6491,0.0,11.923,8.077,0.0,41.9156,39.7771
2025-02-24 01:00:00,33.379,0.0,12.273,7.727,0.0,42.6491,36.2841
2025-02-24 02:00:00,28.8814,0.0,12.829,7.170999999999999,0.0,33.379,34.3719
2025-02-24 03:00:00,24.1484,0.0,13.554,6.446,0.0,28.8814,35.2067
2025-02-24 04:00:00,21.1798,0.0,14.398,5.602,0.0,24.1484,30.402
2025-02-24 05:00:00,19.4326,0.0,15.304,4.696,0.0,21.1798,28.6965
2025-02-24 06:00:00,18.3045,0.0,16.21,3.789999999999999,0.0,19.4326,25.7928
2025-02-24 07:00:00,15.5454,0.0,17.054,2.9460000000000015,0.0,18.3045,18.8653
2025-02-24 08:00:00,31.7538,41.211,17.779,2.221,1.0,15.5454,16.7761
2025-02-24 09:00:00,46.8472,52.922,18.335,1.6649999999999991,1.0,31.7538,13.3849
2025-02-24 10:00:00,58.6359,86.617,18.685,1.3150000000000013,1.0,46.8472,26.9122
2025-02-24 11:00:00,62.1098,90.731,18.804,1.1960000000000015,1.0,58.6359,42.5963
2025-02-24 12:00:00,68.5316,109.87,18.685,1.3150000000000013,1.0,62.1098,57.3303
2025-02-24 13:00:00,75.0619,127.541,18.335,1.6649999999999991,1.0,68.5316,67.2638
2025-02-24 14:00:00,76.2425,123.556,17.779,2.221,1.0,75.0619,72.4885
2025-02-24 15:00:00,78.5126,142.683,17.054,2.9460000000000015,1.0,76.2425,76.8273
2025-02-24 16:00:00,81.2565,120.569,16.21,3.789999999999999,1.0,78.5126,81.5202
2025-02-24 17:00:00,85.5402,117.299,15.304,4.696,1.0,81.2565,81.0284
2025-02-24 18:00:00,90.3103,110.935,14.398,5.602,1.0,85.5402,65.5224
2025-02-24 19:00:00,90.3556,93.72,13.554,6.446,1.0,90.3103,63.1457
2025-02-24 20:00:00,93.6967,87.893,12.829,7.170999999999999,1.0,90.3556,55.5246
2025-02-24 21:00:00,95.5992,50.388,12.273,7.727,1.0,93.6967,53.6457
2025-02-24 22:00:00,76.1812,0.0,11.923,8.077,0.0,95.5992,48.7249
2025-02-24 23:00:00,62.1025,0.0,11.804,8.196,0.0,76.1812,41.9156
2025-02-25 00:00:00,54.0796,0.0,12.013,7.987,0.0,62.1025,42.6491
2025-02-25 01:00:00,42.3015,0.0,12.362,7.638,0.0,54.0796,33.379
2025-02-25 02:00:00,35.2143,0.0,12.918,7.082000000000001,0.0,42.3015,28.8814
2025-02-25 03:00:00,35.4317,0.0,13.643,6.356999999999999,0.0,35.2143,24.1484
2025-02-25 04:00:00,33.5383,0.0,14.487,5.513,0.0,35.4317,21.1798
2025-02-25 05:00:00,26.9072,0.0,15.393,4.606999999999999,0.0,33.5383,19.4326
2025-02-25 06:00:00,29.6641,0.0,16.299,3.7010000000000005,0.0,26.9072,18.3045
2025-02-25 07:00:00,26.2983,0.0,17.143,2.8569999999999993,0.0,29.6641,15.5454
2025-02-25 08:00:00,32.7974,34.573,17.868,2.1320000000000014,1.0,26.2983,31.7538
2025-02-25 09:00:00,44.368,58.741,18.424,1.5760000000000005,1.0,32.7974,46.8472
2025-02-25 10:00:00,55.6375,75.46,18.774,1.225999999999999,1.0,44.368,58.6359
2025-02-25 11:00:00,62.0405,92.568,18.893,1.1069999999999993,1.0,55.6375,62.1098
2025-02-25 12:00:00,70.6672,112.562,18.774,1.225999999999999,1.0,62.0405,68.5316
2025-02-25 13:00:00,75.3145,121.864,18.424,1.5760000000000005,1.0,70.6672,75.0619
2025-02-25 14:00:00,75.4534,142.947,17.868,2.1320000000000014,1.0,75.3145,76.2425
2025-02-25 15:00:00,79.1431,130.041,17.143,2.8569999999999993,1.0,75.4534,78.5126
2025-02-25 16:00:00,82.9394,117.609,16.299,3.7010000000000005,1.0,79.1431,81.2565
2025-02-25 17:00:00,85.1093,120.473,15.393,4.606999999999999,1.0,82.9394,85.5402
2025-02-25 18:00:00,89.7476,105.113,14.487,5.513,1.0,85.1093,90.3103
2025-02-25 19:00:00,91.6467,95.166,13.643,6.356999999999999,1.0,89.7476,90.3556
2025-02-25 20:00:00,98.5853,76.461,12.918,7.082000000000001,1.0,91.6467,93.6967
2025-02-25 21:00:00,96.4702,52.741,12.362,7.638,1.0,98.5853,95.5992
2025-02-25 22:00:00,77.9596,0.0,12.013,7.987,0.0,96.4702,76.1812
2025-02-25 23:00:00,61.2249,0.0,11.893,8.107,0.0,77.9596,62.1025
2025-02-26 00:00:00,54.7993,0.0,12.1,7.9,0.0,61.2249,54.0796
2025-02-26 01:00:00,50.4564,0.0,12.449,7.551,0.0,54.7993,42.3015
2025-02-26 02:00:00,42.531,0.0,13.006,6.994,0.0,50.4564,35.2143
2025-02-26 03:00:00,35.9164,0.0,13.731,6.269,0.0,42.531,35.4317
2025-02-26 04:00:00,33.3121,0.0,14.575,5.425000000000001,0.0,35.9164,33.5383
2025-02-26 05:00:00,28.0539,0.0,15.481,4.519,0.0,33.3121,26.9072
2025-02-26 06:00:00,25.5114,0.0,16.386,3.6140000000000008,0.0,28.0539,29.6641
2025-02-26 07:00:00,23.791,0.0,17.231,2.7689999999999984,0.0,25.5114,26.2983
2025-02-26 08:00:00,36.2818,30.829,17.955,2.0450000000000017,1.0,23.791,32.7974
2025-02-26 09:00:00,49.7007,62.189,18.512,1.4879999999999995,1.0,36.2818,44.368
2025-02-26 10:00:00,57.1191,77.724,18.861,1.1389999999999993,1.0,49.7007,55.6375
2025-02-26 11:00:00,64.7904,99.157,18.981,1.0189999999999984,1.0,57.1191,62.0405
2025-02-26 12:00:00,71.1672,94.17,18.861,1.1389999999999993,1.0,64.7904,70.6672
2025-02-26 13:00:00,71.4575,120.24,18.512,1.4879999999999995,1.0,71.1672,75.3145
2025-02-26 14:00:00,76.0494,131.194,17.955,2.0450000000000017,1.0,71.4575,75.4534
2025-02-26 15:00:00,79.0527,136.857,17.231,2.7689999999999984,1.0,76.0494,79.1431
2025-02-26 16:00:00,84.7656,135.673,16.386,3.6140000000000008,1.0,79.0527,82.9394
2025-02-26 17:00:00,89.3857,114.584,15.481,4.519,1.0,84.7656,85.1093
2025-02-26 18:00:00,91.5557,102.472,14.575,5.425000000000001,1.0,89.3857,89.7476
2025-02-26 19:00:00,93.4241,98.3,13.731,6.269,1.0,91.5557,91.6467
2025-02-26 20:00:00,92.6687,77.756,13.006,6.994,1.0,93.4241,98.5853
2025-02-26 21:00:00,98.2443,63.193,12.449,7.551,1.0,92.6687,96.4702
2025-02-26 22:00:00,75.7033,0.0,12.1,7.9,0.0,98.2443,77.9596
2025-02-26 23:00:00,65.1847,0.0,11.981,8.019,0.0,75.7033,61.2249
2025-02-27 00:00:00,52.9101,0.0,12.185,7.8149999999999995,0.0,65.1847,54.7993
2025-02-27 01:00:00,46.6897,0.0,12.534,7.465999999999999,0.0,52.9101,50.4564
2025-02-27 02:00:00,41.9285,0.0,13.091,6.909000000000001,0.0,46.6897,42.531
2025-02-27 03:00:00,38.1783,0.0,13.816,6.183999999999999,0.0,41.9285,35.9164
2025-02-27 04:00:00,34.204,0.0,14.66,5.34,0.0,38.1783,33.3121
2025-02-27 05:00:00,31.2382,0.0,15.566,4.433999999999999,0.0,34.204,28.0539
2025-02-27 06:00:00,28.3955,0.0,16.471,3.529,0.0,31.2382,25.5114
2025-02-27 07:00:00,24.2558,0.0,17.316,2.684000000000001,0.0,28.3955,23.791
2025-02-27 08:00:00,32.1841,32.359,18.04,1.9600000000000009,1.0,24.2558,36.2818
2025-02-27 09:00:00,45.3533,63.598,18.597,1.4029999999999987,1.0,32.1841,49.7007
2025-02-27 10:00:00,57.898,82.144,18.946,1.0539999999999985,1.0,45.3533,57.1191
2025-02-27 11:00:00,69.1641,85.518,19.066,0.934000000000001,1.0,57.898,64.7904
2025-02-27 12:00:00,73.0933,93.027,18.946,1.0539999999999985,1.0,69.1641,71.1672
2025-02-27 13:00:00,77.0798,126.312,18.597,1.4029999999999987,1.0,73.0933,71.4575
2025-02-27 14:00:00,84.3309,127.183,18.04,1.9600000000000009,1.0,77.0798,76.0494
2025-02-27 15:00:00,84.9023,119.484,17.316,2.684000000000001,1.0,84.3309,79.0527
2025-02-27 16:00:00,83.5228,126.509,16.471,3.529,1.0,84.9023,84.7656
2025-02-27 17:00:00,85.0172,119.729,15.566,4.433999999999999,1.0,83.5228,89.3857
2025-02-27 18:00:00,90.2879,111.716,14.66,5.34,1.0,85.0172,91.5557
2025-02-27 19:00:00,91.7472,97.347,13.816,6.183999999999999,1.0,90.2879,93.4241
2025-02-27 20:00:00,92.7498,57.668,13.091,6.909000000000001,1.0,91.7472,92.6687
2025-02-27 21:00:00,88.2707,62.369,12.534,7.465999999999999,1.0,92.7498,98.2443
2025-02-27 22:00:00,68.9306,0.0,12.185,7.8149999999999995,0.0,88.2707,75.7033
2025-02-27 23:00:00,58.2776,0.0,12.066,7.933999999999999,0.0,68.9306,65.1847
2025-02-28 00:00:00,50.0232,0.0,12.268,7.731999999999999,0.0,58.2776,52.9101
2025-02-28 01:00:00,43.1526,0.0,12.617,7.382999999999999,0.0,50.0232,46.6897
2025-02-28 02:00:00,44.6843,0.0,13.173,6.827,0.0,43.1526,41.9285
2025-02-28 03:00:00,40.5255,0.0,13.898,6.102,0.0,44.6843,38.1783
2025-02-28 04:00:00,36.5524,0.0,14.742,5.257999999999999,0.0,40.5255,34.204
2025-02-28 05:00:00,32.6404,0.0,15.648,4.352,0.0,36.5524,31.2382
2025-02-28 06:00:00,28.8386,0.0,16.554,3.4460000000000015,0.0,32.6404,28.3955
2025-02-28 07:00:00,22.7906,0.0,17.398,2.6020000000000003,0.0,28.8386,24.2558
2025-02-28 08:00:00,35.6631,49.109,18.123,1.876999999999999,1.0,22.7906,32.1841
2025-02-28 09:00:00,43.72,48.617,18.679,1.3210000000000015,1.0,35.6631,45.3533
2025-02-28 10:00:00,57.9852,67.549,19.029,0.9710000000000001,1.0,43.72,57.898
2025-02-28 11:00:00,69.101,90.754,19.148,0.8520000000000003,1.0,57.9852,69.1641
2025-02-28 12:00:00,72.9055,110.401,19.029,0.9710000000000001,1.0,69.101,73.0933
2025-02-28 13:00:00,77.6118,118.751,18.679,1.3210000000000015,1.0,72.9055,77.0798
2025-02-28 14:00:00,82.1338,128.264,18.123,1.876999999999999,1.0,77.6118,84.3309
2025-02-28 15:00:00,85.1638,128.977,17.398,2.6020000000000003,1.0,82.1338,84.9023
2025-02-28 16:00:00,89.7674,143.167,16.554,3.4460000000000015,1.0,85.1638,83.5228
2025-02-28 17:00:00,91.517,120.985,15.648,4.352,1.0,89.7674,85.0172
2025-02-28 18:00:00,94.4407,110.648,14.742,5.257999999999999,1.0,91.517,90.2879
2025-02-28 19:00:00,93.7467,100.088,13.898,6.102,1.0,94.4407,91.7472
2025-02-28 20:00:00,93.4351,56.976,13.173,6.827,1.0,93.7467,92.7498
2025-02-28 21:00:00,91.4379,41.022,12.617,7.382999999999999,1.0,93.4351,88.2707
2025-02-28 22:00:00,73.8592,0.0,12.268,7.731999999999999,0.0,91.4379,68.9306
2025-02-28 23:00:00,59.9064,0.0,12.148,7.852,0.0,73.8592,58.2776
2025-03-01 00:00:00,51.4911,0.0,12.348,7.651999999999999,0.0,59.9064,50.0232
2025-03-01 01:00:00,46.4441,0.0,12.698,7.302,0.0,51.4911,43.1526
2025-03-01 02:00:00,40.4768,0.0,13.254,6.746,0.0,46.4441,44.6843
2025-03-01 03:00:00,33.2308,0.0,13.979,6.021000000000001,0.0,40.4768,40.5255
2025-03-01 04:00:00,30.4138,0.0,14.823,5.177,0.0,33.2308,36.5524
2025-03-01 05:00:00,25.4733,0.0,15.729,4.271000000000001,0.0,30.4138,32.6404
2025-03-01 06:00:00,21.4697,0.0,16.635,3.3649999999999984,0.0,25.4733,28.8386
2025-03-01 07:00:00,17.3207,0.0,17.479,2.521000000000001,0.0,21.4697,22.7906
2025-03-01 08:00:00,7.0387,0.0,18.204,1.7959999999999994,0.0,17.3207,35.6631
2025-03-01 09:00:00,4.0234,0.0,18.76,1.2399999999999984,0.0,7.0387,43.72
2025-03-01 10:00:00,17.4681,51.482,19.11,0.8900000000000006,1.0,4.0234,57.9852
2025-03-01 11:00:00,36.7668,65.837,19.229,0.7710000000000008,1.0,17.4681,69.101
2025-03-01 12:00:00,50.6474,82.098,19.11,0.8900000000000006,1.0,36.7668,72.9055
2025-03-01 13:00:00,63.6069,93.34,18.76,1.2399999999999984,1.0,50.6474,77.6118
2025-03-01 14:00:00,71.4324,98.533,18.204,1.7959999999999994,1.0,63.6069,82.1338
2025-03-01 15:00:00,73.0416,89.265,17.479,2.521000000000001,1.0,71.4324,85.1638
2025-03-01 16:00:00,76.5067,72.674,16.635,3.3649999999999984,1.0,73.0416,89.7674
2025-03-01 17:00:00,80.682,79.162,15.729,4.271000000000001,1.0,76.5067,91.517
2025-03-01 18:00:00,66.1173,0.0,14.823,5.177,0.0,80.682,94.4407
2025-03-01 19:00:00,54.8286,0.0,13.979,6.021000000000001,0.0,66.1173,93.7467
2025-03-01 20:00:00,47.1379,0.0,13.254,6.746,0.0,54.8286,93.4351
2025-03-01 21:00:00,41.794,0.0,12.698,7.302,0.0,47.1379,91.4379
2025-03-01 22:00:00,37.3434,0.0,12.348,7.651999999999999,0.0,41.794,73.8592
2025-03-01 23:00:00,31.1723,0.0,12.229,7.771000000000001,0.0,37.3434,59.9064
