timestamp,X1_occupancy,X2_temp_out,X2_temp_pressure,X3_open,X4_building_factor,X5_availability,M1_activation,Y_kwh
2025-01-01T00:00:00,0.0,4.774,15.226,0.0,1.1,0.77,0.7034,15.8124
2025-01-01T01:00:00,0.0,5.124,14.876,0.0,1.1,0.77,0.6873,22.165
2025-01-01T02:00:00,0.0,5.68,14.32,0.0,1.1,0.77,0.6616,28.1995
2025-01-01T03:00:00,0.0,6.405,13.595,0.0,1.1,0.77,0.6281,29.4969
2025-01-01T04:00:00,0.0,7.249,12.751,0.0,1.1,0.77,0.5891,30.7716
2025-01-01T05:00:00,0.0,8.155,11.845,0.0,1.1,0.77,0.5472,31.9977
2025-01-01T06:00:00,0.0,9.061,10.939,0.0,1.1,0.77,0.5054,30.5532
2025-01-01T07:00:00,0.0,9.905,10.095,0.0,1.1,0.77,0.4664,30.8863
2025-01-01T08:00:00,28.228,10.63,9.37,1.0,1.1,1.1,1.6244,40.2853
2025-01-01T09:00:00,58.569,11.186,8.814,1.0,1.1,1.1,2.0,52.4491
2025-01-01T10:00:00,83.598,11.536,8.464,1.0,1.1,1.1,2.0,65.0369
2025-01-01T11:00:00,115.707,11.655,8.345,1.0,1.1,1.1,2.0,72.0914
2025-01-01T12:00:00,109.15,11.536,8.464,1.0,1.1,1.1,2.0,78.9084
2025-01-01T13:00:00,125.233,11.186,8.814,1.0,1.1,1.1,2.0,81.5842
2025-01-01T14:00:00,118.852,10.63,9.37,1.0,1.1,1.1,2.0,85.2821
2025-01-01T15:00:00,127.608,9.905,10.095,1.0,1.1,1.1,2.0,88.2309
2025-01-01T16:00:00,127.949,9.061,10.939,1.0,1.1,1.1,2.0,90.4872
2025-01-01T17:00:00,139.306,8.155,11.845,1.0,1.1,1.1,2.0,92.5233
2025-01-01T18:00:00,110.658,7.249,12.751,1.0,1.1,1.1,2.0,97.2345
2025-01-01T19:00:00,86.185,6.405,13.595,1.0,1.1,1.1,2.0,95.4627
2025-01-01T20:00:00,64.872,5.68,14.32,1.0,1.1,1.1,2.0,95.4538
2025-01-01T21:00:00,39.172,5.124,14.876,1.0,1.1,1.1,2.0,92.7883
2025-01-01T22:00:00,0.0,4.774,15.226,0.0,1.1,0.77,0.7034,77.9188
2025-01-01T23:00:00,0.0,4.655,15.345,0.0,1.1,0.77,0.7089,70.3777
2025-01-02T00:00:00,0.0,4.929,15.071,0.0,1.1,0.77,0.6963,61.1575
2025-01-02T01:00:00,0.0,5.279,14.721,0.0,1.1,0.77,0.6801,54.6293
2025-01-02T02:00:00,0.0,5.835,14.165,0.0,1.1,0.77,0.6544,51.8918
2025-01-02T03:00:00,0.0,6.56,13.44,0.0,1.1,0.77,0.6209,46.9987
2025-01-02T04:00:00,0.0,7.404,12.596,0.0,1.1,0.77,0.5819,44.2889
2025-01-02T05:00:00,0.0,8.31,11.69,0.0,1.1,0.77,0.5401,37.1928
2025-01-02T06:00:00,0.0,9.216,10.784,0.0,1.1,0.77,0.4982,35.2585
2025-01-02T07:00:00,0.0,10.06,9.94,0.0,1.1,0.77,0.4592,38.1228
2025-01-02T08:00:00,48.048,10.785,9.215,1.0,1.1,1.1,2.0,51.6739
2025-01-02T09:00:00,41.553,11.341,8.659,1.0,1.1,1.1,1.8707,56.1508
2025-01-02T10:00:00,79.341,11.691,8.309,1.0,1.1,1.1,2.0,66.3218
2025-01-02T11:00:00,95.129,11.81,8.19,1.0,1.1,1.1,2.0,73.2163
2025-01-02T12:00:00,94.058,11.691,8.309,1.0,1.1,1.1,2.0,77.4591
2025-01-02T13:00:00,122.727,11.341,8.659,1.0,1.1,1.1,2.0,80.3586
2025-01-02T14:00:00,124.44,10.785,9.215,1.0,1.1,1.1,2.0,80.8582
2025-01-02T15:00:00,123.95,10.06,9.94,1.0,1.1,1.1,2.0,82.8625
2025-01-02T16:00:00,132.779,9.216,10.784,1.0,1.1,1.1,2.0,85.6896
2025-01-02T17:00:00,128.875,8.31,11.69,1.0,1.1,1.1,2.0,91.56
2025-01-02T18:00:00,110.613,7.404,12.596,1.0,1.1,1.1,2.0,90.3224
2025-01-02T19:00:00,78.348,6.56,13.44,1.0,1.1,1.1,2.0,92.7979
2025-01-02T20:00:00,73.466,5.835,14.165,1.0,1.1,1.1,2.0,92.0292
2025-01-02T21:00:00,46.784,5.279,14.721,1.0,1.1,1.1,2.0,95.0766
2025-01-02T22:00:00,0.0,4.929,15.071,0.0,1.1,0.77,0.6963,87.545
2025-01-02T23:00:00,0.0,4.81,15.19,0.0,1.1,0.77,0.7018,72.6918
2025-01-03T00:00:00,0.0,5.084,14.916,0.0,1.1,0.77,0.6891,64.6252
2025-01-03T01:00:00,0.0,5.433,14.567,0.0,1.1,0.77,0.673,55.2161
2025-01-03T02:00:00,0.0,5.99,14.01,0.0,1.1,0.77,0.6473,43.8267
2025-01-03T03:00:00,0.0,6.715,13.285,0.0,1.1,0.77,0.6138,39.8963
2025-01-03T04:00:00,0.0,7.559,12.441,0.0,1.1,0.77,0.5748,40.7305
2025-01-03T05:00:00,0.0,8.465,11.535,0.0,1.1,0.77,0.5329,38.3168
2025-01-03T06:00:00,0.0,9.37,10.63,0.0,1.1,0.77,0.4911,45.1153
2025-01-03T07:00:00,0.0,10.215,9.785,0.0,1.1,0.77,0.4521,39.0865
2025-01-03T08:00:00,33.322,10.939,9.061,1.0,1.1,1.1,1.7161,50.8212
2025-01-03T09:00:00,61.858,11.496,8.504,1.0,1.1,1.1,2.0,64.0276
2025-01-03T10:00:00,82.151,11.845,8.155,1.0,1.1,1.1,2.0,73.6452
2025-01-03T11:00:00,104.203,11.965,8.035,1.0,1.1,1.1,2.0,80.3423
2025-01-03T12:00:00,106.916,11.845,8.155,1.0,1.1,1.1,2.0,84.5862
2025-01-03T13:00:00,118.55,11.496,8.504,1.0,1.1,1.1,2.0,86.3266
2025-01-03T14:00:00,132.553,10.939,9.061,1.0,1.1,1.1,2.0,88.7774
2025-01-03T15:00:00,112.135,10.215,9.785,1.0,1.1,1.1,2.0,90.0613
2025-01-03T16:00:00,120.542,9.37,10.63,1.0,1.1,1.1,2.0,91.5923
2025-01-03T17:00:00,117.599,8.465,11.535,1.0,1.1,1.1,2.0,88.7056
2025-01-03T18:00:00,117.297,7.559,12.441,1.0,1.1,1.1,2.0,89.3197
2025-01-03T19:00:00,87.08,6.715,13.285,1.0,1.1,1.1,2.0,92.5792
2025-01-03T20:00:00,69.158,5.99,14.01,1.0,1.1,1.1,2.0,92.1175
2025-01-03T21:00:00,61.646,5.433,14.567,1.0,1.1,1.1,2.0,92.6579
2025-01-03T22:00:00,0.0,5.084,14.916,0.0,1.1,0.77,0.6891,78.0714
2025-01-03T23:00:00,0.0,4.965,15.035,0.0,1.1,0.77,0.6946,69.9431
2025-01-04T00:00:00,0.0,5.238,14.762,0.0,1.1,0.77,0.682,62.8952
2025-01-04T01:00:00,0.0,5.588,14.412,0.0,1.1,0.77,0.6658,61.1223
2025-01-04T02:00:00,0.0,6.144,13.856,0.0,1.1,0.77,0.6401,52.4037
2025-01-04T03:00:00,0.0,6.869,13.131,0.0,1.1,0.77,0.6066,51.9177
2025-01-04T04:00:00,0.0,7.713,12.287,0.0,1.1,0.77,0.5676,46.4892
2025-01-04T05:00:00,0.0,8.619,11.381,0.0,1.1,0.77,0.5258,48.8152
2025-01-04T06:00:00,0.0,9.525,10.475,0.0,1.1,0.77,0.4839,44.9449
2025-01-04T07:00:00,0.0,10.369,9.631,0.0,1.1,0.77,0.4449,37.9508
2025-01-04T08:00:00,0.0,11.094,8.906,0.0,1.1,0.77,0.4115,36.7323
2025-01-04T09:00:00,0.0,11.65,8.35,0.0,1.1,0.77,0.3858,31.2841
2025-01-04T10:00:00,51.763,12.0,8.0,1.0,1.1,1.1,2.0,44.1399
2025-01-04T11:00:00,55.29,12.119,7.881,1.0,1.1,1.1,2.0,57.3482
2025-01-04T12:00:00,62.096,12.0,8.0,1.0,1.1,1.1,2.0,64.463
2025-01-04T13:00:00,76.377,11.65,8.35,1.0,1.1,1.1,2.0,77.6779
2025-01-04T14:00:00,90.439,11.094,8.906,1.0,1.1,1.1,2.0,80.0684
2025-01-04T15:00:00,96.503,10.369,9.631,1.0,1.1,1.1,2.0,87.2282
2025-01-04T16:00:00,97.896,9.525,10.475,1.0,1.1,1.1,2.0,87.1017
2025-01-04T17:00:00,69.948,8.619,11.381,1.0,1.1,1.1,2.0,92.3403
2025-01-04T18:00:00,0.0,7.713,12.287,0.0,1.1,0.77,0.5676,78.8076
2025-01-04T19:00:00,0.0,6.869,13.131,0.0,1.1,0.77,0.6066,64.0544
2025-01-04T20:00:00,0.0,6.144,13.856,0.0,1.1,0.77,0.6401,58.8884
2025-01-04T21:00:00,0.0,5.588,14.412,0.0,1.1,0.77,0.6658,54.6163
2025-01-04T22:00:00,0.0,5.238,14.762,0.0,1.1,0.77,0.682,49.0055
2025-01-04T23:00:00,0.0,5.119,14.881,0.0,1.1,0.77,0.6875,48.4935
2025-01-05T00:00:00,0.0,5.393,14.607,0.0,1.1,0.77,0.6748,50.464
2025-01-05T01:00:00,0.0,5.743,14.257,0.0,1.1,0.77,0.6587,52.8435
2025-01-05T02:00:00,0.0,6.299,13.701,0.0,1.1,0.77,0.633,50.9774
2025-01-05T03:00:00,0.0,7.024,12.976,0.0,1.1,0.77,0.5995,47.9162
2025-01-05T04:00:00,0.0,7.868,12.132,0.0,1.1,0.77,0.5605,42.0071
2025-01-05T05:00:00,0.0,8.774,11.226,0.0,1.1,0.77,0.5187,36.9545
2025-01-05T06:00:00,0.0,9.68,10.32,0.0,1.1,0.77,0.4768,36.4585
2025-01-05T07:00:00,0.0,10.524,9.476,0.0,1.1,0.77,0.4378,34.8208
2025-01-05T08:00:00,0.0,11.249,8.751,0.0,1.1,0.77,0.4043,38.9794
2025-01-05T09:00:00,0.0,11.805,8.195,0.0,1.1,0.77,0.3786,32.1355
2025-01-05T10:00:00,57.367,12.154,7.846,1.0,1.1,1.1,2.0,48.7409
2025-01-05T11:00:00,57.669,12.274,7.726,1.0,1.1,1.1,2.0,58.113
2025-01-05T12:00:00,77.17,12.154,7.846,1.0,1.1,1.1,2.0,65.1126
2025-01-05T13:00:00,76.321,11.805,8.195,1.0,1.1,1.1,2.0,73.6067
2025-01-05T14:00:00,78.053,11.249,8.751,1.0,1.1,1.1,2.0,80.6864
2025-01-05T15:00:00,83.715,10.524,9.476,1.0,1.1,1.1,2.0,82.0218
2025-01-05T16:00:00,95.926,9.68,10.32,1.0,1.1,1.1,2.0,85.2378
2025-01-05T17:00:00,66.222,8.774,11.226,1.0,1.1,1.1,2.0,89.869
2025-01-05T18:00:00,0.0,7.868,12.132,0.0,1.1,0.77,0.5605,71.5757
2025-01-05T19:00:00,0.0,7.024,12.976,0.0,1.1,0.77,0.5995,59.6604
2025-01-05T20:00:00,0.0,6.299,13.701,0.0,1.1,0.77,0.633,56.6002
2025-01-05T21:00:00,0.0,5.743,14.257,0.0,1.1,0.77,0.6587,52.4309
2025-01-05T22:00:00,0.0,5.393,14.607,0.0,1.1,0.77,0.6748,49.4716
2025-01-05T23:00:00,0.0,5.274,14.726,0.0,1.1,0.77,0.6804,42.9576
2025-01-06T00:00:00,0.0,5.547,14.453,0.0,1.1,0.77,0.6677,46.3363
2025-01-06T01:00:00,0.0,5.897,14.103,0.0,1.1,0.77,0.6516,43.5443
2025-01-06T02:00:00,0.0,6.453,13.547,0.0,1.1,0.77,0.6259,42.7845
2025-01-06T03:00:00,0.0,7.178,12.822,0.0,1.1,0.77,0.5924,42.5779
2025-01-06T04:00:00,0.0,8.022,11.978,0.0,1.1,0.77,0.5534,42.5944
2025-01-06T05:00:00,0.0,8.928,11.072,0.0,1.1,0.77,0.5115,39.0045
2025-01-06T06:00:00,0.0,9.834,10.166,0.0,1.1,0.77,0.4697,35.1096
2025-01-06T07:00:00,0.0,10.678,9.322,0.0,1.1,0.77,0.4307,30.5879
2025-01-06T08:00:00,43.953,11.403,8.597,1.0,1.1,1.1,1.9194,49.986
2025-01-06T09:00:00,71.861,11.959,8.041,1.0,1.1,1.1,2.0,60.3729
2025-01-06T10:00:00,86.121,12.309,7.691,1.0,1.1,1.1,2.0,68.5505
2025-01-06T11:00:00,102.802,12.428,7.572,1.0,1.1,1.1,2.0,75.6955
2025-01-06T12:00:00,112.137,12.309,7.691,1.0,1.1,1.1,2.0,81.9174
2025-01-06T13:00:00,119.953,11.959,8.041,1.0,1.1,1.1,2.0,83.5974
2025-01-06T14:00:00,129.432,11.403,8.597,1.0,1.1,1.1,2.0,85.8129
2025-01-06T15:00:00,116.457,10.678,9.322,1.0,1.1,1.1,2.0,83.6762
2025-01-06T16:00:00,143.803,9.834,10.166,1.0,1.1,1.1,2.0,90.3379
2025-01-06T17:00:00,123.416,8.928,11.072,1.0,1.1,1.1,2.0,88.5017
2025-01-06T18:00:00,111.449,8.022,11.978,1.0,1.1,1.1,2.0,86.6347
2025-01-06T19:00:00,88.112,7.178,12.822,1.0,1.1,1.1,2.0,84.8424
2025-01-06T20:00:00,85.527,6.453,13.547,1.0,1.1,1.1,2.0,88.8329
2025-01-06T21:00:00,53.543,5.897,14.103,1.0,1.1,1.1,2.0,93.9562
2025-01-06T22:00:00,0.0,5.547,14.453,0.0,1.1,0.77,0.6677,77.1987
2025-01-06T23:00:00,0.0,5.428,14.572,0.0,1.1,0.77,0.6732,67.8119
2025-01-07T00:00:00,0.0,5.701,14.299,0.0,1.1,0.77,0.6606,58.3546
2025-01-07T01:00:00,0.0,6.051,13.949,0.0,1.1,0.77,0.6445,55.4447
2025-01-07T02:00:00,0.0,6.607,13.393,0.0,1.1,0.77,0.6188,48.8124
2025-01-07T03:00:00,0.0,7.332,12.668,0.0,1.1,0.77,0.5853,48.348
2025-01-07T04:00:00,0.0,8.176,11.824,0.0,1.1,0.77,0.5463,42.5703
2025-01-07T05:00:00,0.0,9.082,10.918,0.0,1.1,0.77,0.5044,45.0732
2025-01-07T06:00:00,0.0,9.988,10.012,0.0,1.1,0.77,0.4626,45.0048
2025-01-07T07:00:00,0.0,10.832,9.168,0.0,1.1,0.77,0.4236,43.9932
2025-01-07T08:00:00,41.078,11.557,8.443,1.0,1.1,1.1,1.846,56.1368
2025-01-07T09:00:00,71.126,12.113,7.887,1.0,1.1,1.1,2.0,66.2726
2025-01-07T10:00:00,66.718,12.463,7.537,1.0,1.1,1.1,2.0,71.2063
2025-01-07T11:00:00,88.959,12.582,7.418,1.0,1.1,1.1,2.0,75.8888
2025-01-07T12:00:00,103.524,12.463,7.537,1.0,1.1,1.1,2.0,75.9083
2025-01-07T13:00:00,122.288,12.113,7.887,1.0,1.1,1.1,2.0,81.3032
2025-01-07T14:00:00,123.064,11.557,8.443,1.0,1.1,1.1,2.0,83.2305
2025-01-07T15:00:00,132.022,10.832,9.168,1.0,1.1,1.1,2.0,83.724
2025-01-07T16:00:00,134.765,9.988,10.012,1.0,1.1,1.1,2.0,85.5544
2025-01-07T17:00:00,122.19,9.082,10.918,1.0,1.1,1.1,2.0,85.2184
2025-01-07T18:00:00,115.956,8.176,11.824,1.0,1.1,1.1,2.0,83.0898
2025-01-07T19:00:00,83.039,7.332,12.668,1.0,1.1,1.1,2.0,86.3513
2025-01-07T20:00:00,64.719,6.607,13.393,1.0,1.1,1.1,2.0,89.9135
2025-01-07T21:00:00,50.733,6.051,13.949,1.0,1.1,1.1,2.0,92.7269
2025-01-07T22:00:00,0.0,5.701,14.299,0.0,1.1,0.77,0.6606,82.3813
2025-01-07T23:00:00,0.0,5.582,14.418,0.0,1.1,0.77,0.6661,69.9673
2025-01-08T00:00:00,0.0,5.855,14.145,0.0,1.1,0.77,0.6535,62.0289
2025-01-08T01:00:00,0.0,6.204,13.796,0.0,1.1,0.77,0.6374,52.4174
2025-01-08T02:00:00,0.0,6.761,13.239,0.0,1.1,0.77,0.6117,46.0088
2025-01-08T03:00:00,0.0,7.486,12.514,0.0,1.1,0.77,0.5782,41.3875
2025-01-08T04:00:00,0.0,8.33,11.67,0.0,1.1,0.77,0.5392,37.6652
2025-01-08T05:00:00,0.0,9.236,10.764,0.0,1.1,0.77,0.4973,32.9904
2025-01-08T06:00:00,0.0,10.141,9.859,0.0,1.1,0.77,0.4555,29.1849
2025-01-08T07:00:00,0.0,10.986,9.014,0.0,1.1,0.77,0.4165,28.6978
2025-01-08T08:00:00,35.362,11.71,8.29,1.0,1.1,1.1,1.7101,42.6428
2025-01-08T09:00:00,63.778,12.267,7.733,1.0,1.1,1.1,2.0,56.5951
2025-01-08T10:00:00,80.622,12.616,7.384,1.0,1.1,1.1,2.0,66.7647
2025-01-08T11:00:00,90.585,12.736,7.264,1.0,1.1,1.1,2.0,70.5201
2025-01-08T12:00:00,99.706,12.616,7.384,1.0,1.1,1.1,2.0,76.9208
2025-01-08T13:00:00,107.461,12.267,7.733,1.0,1.1,1.1,2.0,83.2984
2025-01-08T14:00:00,123.262,11.71,8.29,1.0,1.1,1.1,2.0,79.6968
2025-01-08T15:00:00,125.514,10.986,9.014,1.0,1.1,1.1,2.0,83.8386
2025-01-08T16:00:00,123.558,10.141,9.859,1.0,1.1,1.1,2.0,87.4091
2025-01-08T17:00:00,115.407,9.236,10.764,1.0,1.1,1.1,2.0,88.6384
2025-01-08T18:00:00,120.958,8.33,11.67,1.0,1.1,1.1,2.0,86.4684
2025-01-08T19:00:00,96.019,7.486,12.514,1.0,1.1,1.1,2.0,84.3659
2025-01-08T20:00:00,51.194,6.761,13.239,1.0,1.1,1.1,2.0,88.7195
2025-01-08T21:00:00,43.912,6.204,13.796,1.0,1.1,1.1,2.0,95.7768
2025-01-08T22:00:00,0.0,5.855,14.145,0.0,1.1,0.77,0.6535,79.5375
2025-01-08T23:00:00,0.0,5.736,14.264,0.0,1.1,0.77,0.659,74.4005
2025-01-09T00:00:00,0.0,6.008,13.992,0.0,1.1,0.77,0.6464,67.73
2025-01-09T01:00:00,0.0,6.358,13.642,0.0,1.1,0.77,0.6303,66.887
2025-01-09T02:00:00,0.0,6.914,13.086,0.0,1.1,0.77,0.6046,56.5326
2025-01-09T03:00:00,0.0,7.639,12.361,0.0,1.1,0.77,0.5711,48.7966
2025-01-09T04:00:00,0.0,8.483,11.517,0.0,1.1,0.77,0.5321,47.4114
2025-01-09T05:00:00,0.0,9.389,10.611,0.0,1.1,0.77,0.4902,44.3145
2025-01-09T06:00:00,0.0,10.295,9.705,0.0,1.1,0.77,0.4484,41.3412
2025-01-09T07:00:00,0.0,11.139,8.861,0.0,1.1,0.77,0.4094,44.319
2025-01-09T08:00:00,31.795,11.864,8.136,1.0,1.1,1.1,1.6215,49.7887
2025-01-09T09:00:00,55.647,12.42,7.58,1.0,1.1,1.1,2.0,60.3415
2025-01-09T10:00:00,85.871,12.77,7.23,1.0,1.1,1.1,2.0,66.3004
2025-01-09T11:00:00,91.679,12.889,7.111,1.0,1.1,1.1,2.0,72.866
2025-01-09T12:00:00,116.115,12.77,7.23,1.0,1.1,1.1,2.0,73.7043
2025-01-09T13:00:00,116.86,12.42,7.58,1.0,1.1,1.1,2.0,81.1249
2025-01-09T14:00:00,130.754,11.864,8.136,1.0,1.1,1.1,2.0,83.3292
2025-01-09T15:00:00,130.407,11.139,8.861,1.0,1.1,1.1,2.0,81.8217
2025-01-09T16:00:00,123.233,10.295,9.705,1.0,1.1,1.1,2.0,85.8182
2025-01-09T17:00:00,122.179,9.389,10.611,1.0,1.1,1.1,2.0,85.7129
2025-01-09T18:00:00,106.108,8.483,11.517,1.0,1.1,1.1,2.0,85.2467
2025-01-09T19:00:00,80.581,7.639,12.361,1.0,1.1,1.1,2.0,87.1047
2025-01-09T20:00:00,61.864,6.914,13.086,1.0,1.1,1.1,2.0,90.401
2025-01-09T21:00:00,42.295,6.358,13.642,1.0,1.1,1.1,2.0,94.0558
2025-01-09T22:00:00,0.0,6.008,13.992,0.0,1.1,0.77,0.6464,77.0326
2025-01-09T23:00:00,0.0,5.889,14.111,0.0,1.1,0.77,0.6519,65.5048
2025-01-10T00:00:00,0.0,6.161,13.839,0.0,1.1,0.77,0.6394,57.8477
2025-01-10T01:00:00,0.0,6.511,13.489,0.0,1.1,0.77,0.6232,51.851
2025-01-10T02:00:00,0.0,7.067,12.933,0.0,1.1,0.77,0.5975,47.0656
2025-01-10T03:00:00,0.0,7.792,12.208,0.0,1.1,0.77,0.564,38.9885
2025-01-10T04:00:00,0.0,8.636,11.364,0.0,1.1,0.77,0.525,34.6959
2025-01-10T05:00:00,0.0,9.542,10.458,0.0,1.1,0.77,0.4832,36.5152
2025-01-10T06:00:00,0.0,10.448,9.552,0.0,1.1,0.77,0.4413,37.1378
2025-01-10T07:00:00,0.0,11.292,8.708,0.0,1.1,0.77,0.4023,34.5789
2025-01-10T08:00:00,32.368,12.017,7.983,1.0,1.1,1.1,1.624,45.7481
2025-01-10T09:00:00,55.759,12.573,7.427,1.0,1.1,1.1,2.0,59.0637
2025-01-10T10:00:00,69.742,12.922,7.078,1.0,1.1,1.1,2.0,63.6642
2025-01-10T11:00:00,94.17,13.042,6.958,1.0,1.1,1.1,2.0,69.8279
2025-01-10T12:00:00,113.118,12.922,7.078,1.0,1.1,1.1,2.0,78.7272
2025-01-10T13:00:00,136.637,12.573,7.427,1.0,1.1,1.1,2.0,76.2394
2025-01-10T14:00:00,123.292,12.017,7.983,1.0,1.1,1.1,2.0,80.0928
2025-01-10T15:00:00,122.674,11.292,8.708,1.0,1.1,1.1,2.0,81.3045
2025-01-10T16:00:00,133.105,10.448,9.552,1.0,1.1,1.1,2.0,82.914
2025-01-10T17:00:00,133.7,9.542,10.458,1.0,1.1,1.1,2.0,84.1895
2025-01-10T18:00:00,106.334,8.636,11.364,1.0,1.1,1.1,2.0,86.3573
2025-01-10T19:00:00,86.303,7.792,12.208,1.0,1.1,1.1,2.0,93.0953
2025-01-10T20:00:00,75.3,7.067,12.933,1.0,1.1,1.1,2.0,94.7454
2025-01-10T21:00:00,49.856,6.511,13.489,1.0,1.1,1.1,2.0,95.1818
2025-01-10T22:00:00,0.0,6.161,13.839,0.0,1.1,0.77,0.6394,76.5399
2025-01-10T23:00:00,0.0,6.042,13.958,0.0,1.1,0.77,0.6449,70.0846
2025-01-11T00:00:00,0.0,6.313,13.687,0.0,1.1,0.77,0.6323,61.1051
2025-01-11T01:00:00,0.0,6.663,13.337,0.0,1.1,0.77,0.6162,53.2412
2025-01-11T02:00:00,0.0,7.219,12.781,0.0,1.1,0.77,0.5905,47.2808
2025-01-11T03:00:00,0.0,7.944,12.056,0.0,1.1,0.77,0.557,45.8713
2025-01-11T04:00:00,0.0,8.788,11.212,0.0,1.1,0.77,0.518,41.2829
2025-01-11T05:00:00,0.0,9.694,10.306,0.0,1.1,0.77,0.4761,39.188
2025-01-11T06:00:00,0.0,10.6,9.4,0.0,1.1,0.77,0.4343,37.916
2025-01-11T07:00:00,0.0,11.444,8.556,0.0,1.1,0.77,0.3953,36.1227
2025-01-11T08:00:00,0.0,12.169,7.831,0.0,1.1,0.77,0.3618,35.7992
2025-01-11T09:00:00,0.0,12.725,7.275,0.0,1.1,0.77,0.3361,30.8113
2025-01-11T10:00:00,58.835,13.075,6.925,1.0,1.1,1.1,2.0,46.6579
2025-01-11T11:00:00,78.207,13.194,6.806,1.0,1.1,1.1,2.0,57.8059
2025-01-11T12:00:00,65.025,13.075,6.925,1.0,1.1,1.1,2.0,67.0402
2025-01-11T13:00:00,89.549,12.725,7.275,1.0,1.1,1.1,2.0,74.6627
2025-01-11T14:00:00,81.478,12.169,7.831,1.0,1.1,1.1,2.0,78.1318
2025-01-11T15:00:00,78.447,11.444,8.556,1.0,1.1,1.1,2.0,81.2706
2025-01-11T16:00:00,92.802,10.6,9.4,1.0,1.1,1.1,2.0,85.5362
2025-01-11T17:00:00,78.478,9.694,10.306,1.0,1.1,1.1,2.0,88.9485
2025-01-11T18:00:00,0.0,8.788,11.212,0.0,1.1,0.77,0.518,72.0532
2025-01-11T19:00:00,0.0,7.944,12.056,0.0,1.1,0.77,0.557,63.4205
2025-01-11T20:00:00,0.0,7.219,12.781,0.0,1.1,0.77,0.5905,54.542
2025-01-11T21:00:00,0.0,6.663,13.337,0.0,1.1,0.77,0.6162,47.493
2025-01-11T22:00:00,0.0,6.313,13.687,0.0,1.1,0.77,0.6323,42.7928
2025-01-11T23:00:00,0.0,6.194,13.806,0.0,1.1,0.77,0.6378,42.8413
2025-01-12T00:00:00,0.0,6.465,13.535,0.0,1.1,0.77,0.6253,36.6492
2025-01-12T01:00:00,0.0,6.815,13.185,0.0,1.1,0.77,0.6092,38.0845
2025-01-12T02:00:00,0.0,7.371,12.629,0.0,1.1,0.77,0.5835,41.2327
2025-01-12T03:00:00,0.0,8.096,11.904,0.0,1.1,0.77,0.55,40.7686
2025-01-12T04:00:00,0.0,8.94,11.06,0.0,1.1,0.77,0.511,36.4163
2025-01-12T05:00:00,0.0,9.846,10.154,0.0,1.1,0.77,0.4691,37.7037
2025-01-12T06:00:00,0.0,10.752,9.248,0.0,1.1,0.77,0.4273,35.7056
2025-01-12T07:00:00,0.0,11.596,8.404,0.0,1.1,0.77,0.3883,34.0567
2025-01-12T08:00:00,0.0,12.321,7.679,0.0,1.1,0.77,0.3548,35.3448
2025-01-12T09:00:00,0.0,12.877,7.123,0.0,1.1,0.77,0.3291,33.7323
2025-01-12T10:00:00,67.972,13.227,6.773,1.0,1.1,1.1,2.0,46.9045
2025-01-12T11:00:00,55.474,13.346,6.654,1.0,1.1,1.1,2.0,55.4044
2025-01-12T12:00:00,79.794,13.227,6.773,1.0,1.1,1.1,2.0,61.8286
2025-01-12T13:00:00,83.302,12.877,7.123,1.0,1.1,1.1,2.0,70.3007
2025-01-12T14:00:00,98.609,12.321,7.679,1.0,1.1,1.1,2.0,79.8689
2025-01-12T15:00:00,82.372,11.596,8.404,1.0,1.1,1.1,2.0,80.0422
2025-01-12T16:00:00,82.074,10.752,9.248,1.0,1.1,1.1,2.0,85.7786
2025-01-12T17:00:00,75.656,9.846,10.154,1.0,1.1,1.1,2.0,86.2906
2025-01-12T18:00:00,0.0,8.94,11.06,0.0,1.1,0.77,0.511,74.2415
2025-01-12T19:00:00,0.0,8.096,11.904,0.0,1.1,0.77,0.55,65.2648
2025-01-12T20:00:00,0.0,7.371,12.629,0.0,1.1,0.77,0.5835,58.7437
2025-01-12T21:00:00,0.0,6.815,13.185,0.0,1.1,0.77,0.6092,55.1585
2025-01-12T22:00:00,0.0,6.465,13.535,0.0,1.1,0.77,0.6253,52.094
2025-01-12T23:00:00,0.0,6.346,13.654,0.0,1.1,0.77,0.6308,43.6095
2025-01-13T00:00:00,0.0,6.617,13.383,0.0,1.1,0.77,0.6183,37.4012
2025-01-13T01:00:00,0.0,6.966,13.034,0.0,1.1,0.77,0.6022,36.1326
2025-01-13T02:00:00,0.0,7.522,12.478,0.0,1.1,0.77,0.5765,37.0394
2025-01-13T03:00:00,0.0,8.247,11.753,0.0,1.1,0.77,0.543,36.503
2025-01-13T04:00:00,0.0,9.091,10.909,0.0,1.1,0.77,0.504,35.5172
2025-01-13T05:00:00,0.0,9.997,10.003,0.0,1.1,0.77,0.4621,37.2963
2025-01-13T06:00:00,0.0,10.903,9.097,0.0,1.1,0.77,0.4203,28.4255
2025-01-13T07:00:00,0.0,11.747,8.253,0.0,1.1,0.77,0.3813,25.2081
2025-01-13T08:00:00,34.844,12.472,7.528,1.0,1.1,1.1,1.6484,35.4499
2025-01-13T09:00:00,57.152,13.028,6.972,1.0,1.1,1.1,2.0,47.9706
2025-01-13T10:00:00,67.075,13.378,6.622,1.0,1.1,1.1,2.0,64.6972
2025-01-13T11:00:00,93.869,13.497,6.503,1.0,1.1,1.1,2.0,70.538
2025-01-13T12:00:00,117.731,13.378,6.622,1.0,1.1,1.1,2.0,78.5774
2025-01-13T13:00:00,128.093,13.028,6.972,1.0,1.1,1.1,2.0,88.4625
2025-01-13T14:00:00,130.898,12.472,7.528,1.0,1.1,1.1,2.0,89.5302
2025-01-13T15:00:00,137.327,11.747,8.253,1.0,1.1,1.1,2.0,91.1375
2025-01-13T16:00:00,131.56,10.903,9.097,1.0,1.1,1.1,2.0,91.651
2025-01-13T17:00:00,133.257,9.997,10.003,1.0,1.1,1.1,2.0,90.0793
2025-01-13T18:00:00,110.742,9.091,10.909,1.0,1.1,1.1,2.0,90.0199
2025-01-13T19:00:00,100.285,8.247,11.753,1.0,1.1,1.1,2.0,91.62
2025-01-13T20:00:00,70.394,7.522,12.478,1.0,1.1,1.1,2.0,88.7582
2025-01-13T21:00:00,47.713,6.966,13.034,1.0,1.1,1.1,2.0,87.815
2025-01-13T22:00:00,0.0,6.617,13.383,0.0,1.1,0.77,0.6183,82.3669
2025-01-13T23:00:00,0.0,6.497,13.503,0.0,1.1,0.77,0.6238,73.7798
2025-01-14T00:00:00,0.0,6.767,13.233,0.0,1.1,0.77,0.6114,65.7339
2025-01-14T01:00:00,0.0,7.117,12.883,0.0,1.1,0.77,0.5952,58.3118
2025-01-14T02:00:00,0.0,7.673,12.327,0.0,1.1,0.77,0.5695,50.792
2025-01-14T03:00:00,0.0,8.398,11.602,0.0,1.1,0.77,0.536,52.5591
2025-01-14T04:00:00,0.0,9.242,10.758,0.0,1.1,0.77,0.497,49.0082
2025-01-14T05:00:00,0.0,10.148,9.852,0.0,1.1,0.77,0.4552,47.7455
2025-01-14T06:00:00,0.0,11.054,8.946,0.0,1.1,0.77,0.4133,40.7092
2025-01-14T07:00:00,0.0,11.898,8.102,0.0,1.1,0.77,0.3743,37.7528
2025-01-14T08:00:00,32.939,12.623,7.377,1.0,1.1,1.1,1.5966,46.4953
2025-01-14T09:00:00,67.298,13.179,6.821,1.0,1.1,1.1,2.0,61.0002
2025-01-14T10:00:00,80.054,13.529,6.471,1.0,1.1,1.1,2.0,67.4791
2025-01-14T11:00:00,99.068,13.648,6.352,1.0,1.1,1.1,2.0,71.3788
2025-01-14T12:00:00,101.098,13.529,6.471,1.0,1.1,1.1,2.0,74.5769
2025-01-14T13:00:00,136.671,13.179,6.821,1.0,1.1,1.1,2.0,85.9491
2025-01-14T14:00:00,110.604,12.623,7.377,1.0,1.1,1.1,2.0,84.2584
2025-01-14T15:00:00,119.422,11.898,8.102,1.0,1.1,1.1,2.0,89.0418
2025-01-14T16:00:00,136.03,11.054,8.946,1.0,1.1,1.1,2.0,89.151
2025-01-14T17:00:00,124.792,10.148,9.852,1.0,1.1,1.1,2.0,89.3539
2025-01-14T18:00:00,111.517,9.242,10.758,1.0,1.1,1.1,2.0,90.8993
2025-01-14T19:00:00,92.688,8.398,11.602,1.0,1.1,1.1,2.0,90.5585
2025-01-14T20:00:00,67.316,7.673,12.327,1.0,1.1,1.1,2.0,94.2775
2025-01-14T21:00:00,39.216,7.117,12.883,1.0,1.1,1.1,2.0,92.8228
2025-01-14T22:00:00,0.0,6.767,13.233,0.0,1.1,0.77,0.6114,79.3537
2025-01-14T23:00:00,0.0,6.648,13.352,0.0,1.1,0.77,0.6169,67.3367
2025-01-15T00:00:00,0.0,6.917,13.083,0.0,1.1,0.77,0.6044,55.756
2025-01-15T01:00:00,0.0,7.267,12.733,0.0,1.1,0.77,0.5883,53.4255
2025-01-15T02:00:00,0.0,7.823,12.177,0.0,1.1,0.77,0.5626,47.8006
2025-01-15T03:00:00,0.0,8.548,11.452,0.0,1.1,0.77,0.5291,44.4482
2025-01-15T04:00:00,0.0,9.392,10.608,0.0,1.1,0.77,0.4901,42.7332
2025-01-15T05:00:00,0.0,10.298,9.702,0.0,1.1,0.77,0.4482,34.3463
2025-01-15T06:00:00,0.0,11.204,8.796,0.0,1.1,0.77,0.4064,34.726
2025-01-15T07:00:00,0.0,12.048,7.952,0.0,1.1,0.77,0.3674,32.5324
2025-01-15T08:00:00,45.817,12.773,7.227,1.0,1.1,1.1,1.87,46.2111
2025-01-15T09:00:00,64.441,13.329,6.671,1.0,1.1,1.1,2.0,60.3546
2025-01-15T10:00:00,71.234,13.679,6.321,1.0,1.1,1.1,2.0,72.0622
2025-01-15T11:00:00,93.285,13.798,6.202,1.0,1.1,1.1,2.0,77.0941
2025-01-15T12:00:00,114.263,13.679,6.321,1.0,1.1,1.1,2.0,84.8841
2025-01-15T13:00:00,123.244,13.329,6.671,1.0,1.1,1.1,2.0,90.477
2025-01-15T14:00:00,126.118,12.773,7.227,1.0,1.1,1.1,2.0,88.4786
2025-01-15T15:00:00,117.334,12.048,7.952,1.0,1.1,1.1,2.0,89.1642
2025-01-15T16:00:00,127.079,11.204,8.796,1.0,1.1,1.1,2.0,89.4244
2025-01-15T17:00:00,131.153,10.298,9.702,1.0,1.1,1.1,2.0,86.8574
2025-01-15T18:00:00,110.444,9.392,10.608,1.0,1.1,1.1,2.0,88.5207
2025-01-15T19:00:00,93.763,8.548,11.452,1.0,1.1,1.1,2.0,90.7815
2025-01-15T20:00:00,74.374,7.823,12.177,1.0,1.1,1.1,2.0,94.3826
2025-01-15T21:00:00,40.553,7.267,12.733,1.0,1.1,1.1,2.0,95.3932
2025-01-15T22:00:00,0.0,6.917,13.083,0.0,1.1,0.77,0.6044,77.6926
2025-01-15T23:00:00,0.0,6.798,13.202,0.0,1.1,0.77,0.6099,64.696
2025-01-16T00:00:00,0.0,7.067,12.933,0.0,1.1,0.77,0.5975,56.6414
2025-01-16T01:00:00,0.0,7.417,12.583,0.0,1.1,0.77,0.5814,51.0466
2025-01-16T02:00:00,0.0,7.973,12.027,0.0,1.1,0.77,0.5557,46.5978
2025-01-16T03:00:00,0.0,8.698,11.302,0.0,1.1,0.77,0.5222,40.1101
2025-01-16T04:00:00,0.0,9.542,10.458,0.0,1.1,0.77,0.4832,39.1849
2025-01-16T05:00:00,0.0,10.448,9.552,0.0,1.1,0.77,0.4413,37.3807
2025-01-16T06:00:00,0.0,11.353,8.647,0.0,1.1,0.77,0.3995,34.8241
2025-01-16T07:00:00,0.0,12.198,7.802,0.0,1.1,0.77,0.3605,31.4665
2025-01-16T08:00:00,46.885,12.922,7.078,1.0,1.1,1.1,1.8836,48.1758
2025-01-16T09:00:00,44.713,13.479,6.521,1.0,1.1,1.1,1.7991,57.8764
2025-01-16T10:00:00,75.705,13.828,6.172,1.0,1.1,1.1,2.0,63.8589
2025-01-16T11:00:00,83.873,13.948,6.052,1.0,1.1,1.1,2.0,72.7391
2025-01-16T12:00:00,109.985,13.828,6.172,1.0,1.1,1.1,2.0,79.5867
2025-01-16T13:00:00,131.03,13.479,6.521,1.0,1.1,1.1,2.0,80.7381
2025-01-16T14:00:00,132.016,12.922,7.078,1.0,1.1,1.1,2.0,82.8929
2025-01-16T15:00:00,124.904,12.198,7.802,1.0,1.1,1.1,2.0,86.1201
2025-01-16T16:00:00,147.798,11.353,8.647,1.0,1.1,1.1,2.0,88.0028
2025-01-16T17:00:00,122.828,10.448,9.552,1.0,1.1,1.1,2.0,89.1394
2025-01-16T18:00:00,104.909,9.542,10.458,1.0,1.1,1.1,2.0,93.6212
2025-01-16T19:00:00,107.528,8.698,11.302,1.0,1.1,1.1,2.0,93.0386
2025-01-16T20:00:00,52.326,7.973,12.027,1.0,1.1,1.1,2.0,89.4684
2025-01-16T21:00:00,52.75,7.417,12.583,1.0,1.1,1.1,2.0,92.9749
2025-01-16T22:00:00,0.0,7.067,12.933,0.0,1.1,0.77,0.5975,78.3406
2025-01-16T23:00:00,0.0,6.948,13.052,0.0,1.1,0.77,0.603,65.8673
2025-01-17T00:00:00,0.0,7.216,12.784,0.0,1.1,0.77,0.5906,60.8433
2025-01-17T01:00:00,0.0,7.565,12.435,0.0,1.1,0.77,0.5745,53.1235
2025-01-17T02:00:00,0.0,8.121,11.879,0.0,1.1,0.77,0.5488,47.6953
2025-01-17T03:00:00,0.0,8.846,11.154,0.0,1.1,0.77,0.5153,43.9537
2025-01-17T04:00:00,0.0,9.69,10.31,0.0,1.1,0.77,0.4763,40.276
2025-01-17T05:00:00,0.0,10.596,9.404,0.0,1.1,0.77,0.4344,38.3527
2025-01-17T06:00:00,0.0,11.502,8.498,0.0,1.1,0.77,0.3926,33.2406
2025-01-17T07:00:00,0.0,12.346,7.654,0.0,1.1,0.77,0.3536,29.3464
2025-01-17T08:00:00,41.377,13.071,6.929,1.0,1.1,1.1,1.7526,46.6813
2025-01-17T09:00:00,58.73,13.627,6.373,1.0,1.1,1.1,2.0,59.7804
2025-01-17T10:00:00,76.357,13.977,6.023,1.0,1.1,1.1,2.0,69.2763
2025-01-17T11:00:00,97.822,14.096,5.904,1.0,1.1,1.1,2.0,75.8034
2025-01-17T12:00:00,104.305,13.977,6.023,1.0,1.1,1.1,2.0,79.8414
2025-01-17T13:00:00,130.158,13.627,6.373,1.0,1.1,1.1,2.0,84.0343
2025-01-17T14:00:00,114.155,13.071,6.929,1.0,1.1,1.1,2.0,85.2284
2025-01-17T15:00:00,135.354,12.346,7.654,1.0,1.1,1.1,2.0,87.1605
2025-01-17T16:00:00,135.907,11.502,8.498,1.0,1.1,1.1,2.0,91.3646
2025-01-17T17:00:00,144.218,10.596,9.404,1.0,1.1,1.1,2.0,90.6738
2025-01-17T18:00:00,121.686,9.69,10.31,1.0,1.1,1.1,2.0,91.6641
2025-01-17T19:00:00,91.618,8.846,11.154,1.0,1.1,1.1,2.0,93.0289
2025-01-17T20:00:00,75.063,8.121,11.879,1.0,1.1,1.1,2.0,92.2021
2025-01-17T21:00:00,46.395,7.565,12.435,1.0,1.1,1.1,2.0,92.76
2025-01-17T22:00:00,0.0,7.216,12.784,0.0,1.1,0.77,0.5906,78.1488
2025-01-17T23:00:00,0.0,7.096,12.904,0.0,1.1,0.77,0.5961,68.5725
2025-01-18T00:00:00,0.0,7.364,12.636,0.0,1.1,0.77,0.5838,62.922
2025-01-18T01:00:00,0.0,7.713,12.287,0.0,1.1,0.77,0.5677,59.4044
2025-01-18T02:00:00,0.0,8.269,11.731,0.0,1.1,0.77,0.542,53.1882
2025-01-18T03:00:00,0.0,8.994,11.006,0.0,1.1,0.77,0.5085,45.4254
2025-01-18T04:00:00,0.0,9.838,10.162,0.0,1.1,0.77,0.4695,39.7777
2025-01-18T05:00:00,0.0,10.744,9.256,0.0,1.1,0.77,0.4276,35.8249
2025-01-18T06:00:00,0.0,11.65,8.35,0.0,1.1,0.77,0.3858,29.4668
2025-01-18T07:00:00,0.0,12.494,7.506,0.0,1.1,0.77,0.3468,27.6386
2025-01-18T08:00:00,0.0,13.219,6.781,0.0,1.1,0.77,0.3133,27.1894
2025-01-18T09:00:00,0.0,13.775,6.225,0.0,1.1,0.77,0.2876,31.949
2025-01-18T10:00:00,63.294,14.125,5.875,1.0,1.1,1.1,2.0,43.3317
2025-01-18T11:00:00,47.462,14.244,5.756,1.0,1.1,1.1,1.809,52.5248
2025-01-18T12:00:00,51.099,14.125,5.875,1.0,1.1,1.1,1.8969,67.8834
2025-01-18T13:00:00,71.453,13.775,6.225,1.0,1.1,1.1,2.0,77.0478
2025-01-18T14:00:00,69.19,13.219,6.781,1.0,1.1,1.1,2.0,79.1151
2025-01-18T15:00:00,82.292,12.494,7.506,1.0,1.1,1.1,2.0,82.1028
2025-01-18T16:00:00,84.723,11.65,8.35,1.0,1.1,1.1,2.0,84.7782
2025-01-18T17:00:00,77.273,10.744,9.256,1.0,1.1,1.1,2.0,87.913
2025-01-18T18:00:00,0.0,9.838,10.162,0.0,1.1,0.77,0.4695,74.3024
2025-01-18T19:00:00,0.0,8.994,11.006,0.0,1.1,0.77,0.5085,63.7655
2025-01-18T20:00:00,0.0,8.269,11.731,0.0,1.1,0.77,0.542,54.8736
2025-01-18T21:00:00,0.0,7.713,12.287,0.0,1.1,0.77,0.5677,44.6388
2025-01-18T22:00:00,0.0,7.364,12.636,0.0,1.1,0.77,0.5838,39.1868
2025-01-18T23:00:00,0.0,7.244,12.756,0.0,1.1,0.77,0.5893,38.2168
2025-01-19T00:00:00,0.0,7.511,12.489,0.0,1.1,0.77,0.577,38.8745
2025-01-19T01:00:00,0.0,7.86,12.14,0.0,1.1,0.77,0.5609,37.6474
2025-01-19T02:00:00,0.0,8.417,11.583,0.0,1.1,0.77,0.5352,33.491
2025-01-19T03:00:00,0.0,9.141,10.859,0.0,1.1,0.77,0.5017,32.3603
2025-01-19T04:00:00,0.0,9.986,10.014,0.0,1.1,0.77,0.4627,26.4348
2025-01-19T05:00:00,0.0,10.891,9.109,0.0,1.1,0.77,0.4208,26.7042
2025-01-19T06:00:00,0.0,11.797,8.203,0.0,1.1,0.77,0.379,29.8217
2025-01-19T07:00:00,0.0,12.641,7.359,0.0,1.1,0.77,0.34,30.301
2025-01-19T08:00:00,0.0,13.366,6.634,0.0,1.1,0.77,0.3065,28.0799
2025-01-19T09:00:00,0.0,13.923,6.077,0.0,1.1,0.77,0.2808,26.3696
2025-01-19T10:00:00,57.507,14.272,5.728,1.0,1.1,1.1,2.0,42.676
2025-01-19T11:00:00,71.617,14.391,5.609,1.0,1.1,1.1,2.0,55.8048
2025-01-19T12:00:00,81.798,14.272,5.728,1.0,1.1,1.1,2.0,64.2514
2025-01-19T13:00:00,81.017,13.923,6.077,1.0,1.1,1.1,2.0,70.3707
2025-01-19T14:00:00,89.792,13.366,6.634,1.0,1.1,1.1,2.0,80.9031
2025-01-19T15:00:00,94.717,12.641,7.359,1.0,1.1,1.1,2.0,82.7463
2025-01-19T16:00:00,83.897,11.797,8.203,1.0,1.1,1.1,2.0,82.5208
2025-01-19T17:00:00,85.99,10.891,9.109,1.0,1.1,1.1,2.0,84.3484
2025-01-19T18:00:00,0.0,9.986,10.014,0.0,1.1,0.77,0.4627,67.6851
2025-01-19T19:00:00,0.0,9.141,10.859,0.0,1.1,0.77,0.5017,60.5517
2025-01-19T20:00:00,0.0,8.417,11.583,0.0,1.1,0.77,0.5352,52.3383
2025-01-19T21:00:00,0.0,7.86,12.14,0.0,1.1,0.77,0.5609,45.7086
2025-01-19T22:00:00,0.0,7.511,12.489,0.0,1.1,0.77,0.577,41.8259
2025-01-19T23:00:00,0.0,7.391,12.609,0.0,1.1,0.77,0.5825,40.8507
2025-01-20T00:00:00,0.0,7.657,12.343,0.0,1.1,0.77,0.5702,36.9625
2025-01-20T01:00:00,0.0,8.007,11.993,0.0,1.1,0.77,0.5541,35.8247
2025-01-20T02:00:00,0.0,8.563,11.437,0.0,1.1,0.77,0.5284,36.0965
2025-01-20T03:00:00,0.0,9.288,10.712,0.0,1.1,0.77,0.4949,36.3695
2025-01-20T04:00:00,0.0,10.132,9.868,0.0,1.1,0.77,0.4559,36.5172
2025-01-20T05:00:00,0.0,11.038,8.962,0.0,1.1,0.77,0.4141,33.1363
2025-01-20T06:00:00,0.0,11.944,8.056,0.0,1.1,0.77,0.3722,30.5738
2025-01-20T07:00:00,0.0,12.788,7.212,0.0,1.1,0.77,0.3332,31.1705
2025-01-20T08:00:00,23.411,13.513,6.487,1.0,1.1,1.1,1.3282,40.81
2025-01-20T09:00:00,48.034,14.069,5.931,1.0,1.1,1.1,1.8332,48.1536
2025-01-20T10:00:00,69.103,14.418,5.582,1.0,1.1,1.1,2.0,57.4934
2025-01-20T11:00:00,94.836,14.538,5.462,1.0,1.1,1.1,2.0,62.6527
2025-01-20T12:00:00,126.9,14.418,5.582,1.0,1.1,1.1,2.0,63.9012
2025-01-20T13:00:00,110.424,14.069,5.931,1.0,1.1,1.1,2.0,68.2155
2025-01-20T14:00:00,137.388,13.513,6.487,1.0,1.1,1.1,2.0,73.1888
2025-01-20T15:00:00,141.363,12.788,7.212,1.0,1.1,1.1,2.0,79.6426
2025-01-20T16:00:00,112.717,11.944,8.056,1.0,1.1,1.1,2.0,83.3903
2025-01-20T17:00:00,120.641,11.038,8.962,1.0,1.1,1.1,2.0,87.5994
2025-01-20T18:00:00,113.803,10.132,9.868,1.0,1.1,1.1,2.0,89.3522
2025-01-20T19:00:00,84.483,9.288,10.712,1.0,1.1,1.1,2.0,88.7557
2025-01-20T20:00:00,60.061,8.563,11.437,1.0,1.1,1.1,2.0,94.7934
2025-01-20T21:00:00,53.177,8.007,11.993,1.0,1.1,1.1,2.0,96.4727
2025-01-20T22:00:00,0.0,7.657,12.343,0.0,1.1,0.77,0.5702,80.6218
2025-01-20T23:00:00,0.0,7.538,12.462,0.0,1.1,0.77,0.5758,70.2516
2025-01-21T00:00:00,0.0,7.802,12.198,0.0,1.1,0.77,0.5635,61.9842
2025-01-21T01:00:00,0.0,8.152,11.848,0.0,1.1,0.77,0.5474,51.3383
2025-01-21T02:00:00,0.0,8.708,11.292,0.0,1.1,0.77,0.5217,47.4591
2025-01-21T03:00:00,0.0,9.433,10.567,0.0,1.1,0.77,0.4882,43.6851
2025-01-21T04:00:00,0.0,10.277,9.723,0.0,1.1,0.77,0.4492,41.311
2025-01-21T05:00:00,0.0,11.183,8.817,0.0,1.1,0.77,0.4073,34.276
2025-01-21T06:00:00,0.0,12.089,7.911,0.0,1.1,0.77,0.3655,27.9488
2025-01-21T07:00:00,0.0,12.933,7.067,0.0,1.1,0.77,0.3265,32.9925
2025-01-21T08:00:00,35.544,13.658,6.342,1.0,1.1,1.1,1.5855,47.255
2025-01-21T09:00:00,51.319,14.214,5.786,1.0,1.1,1.1,1.8959,58.4706
2025-01-21T10:00:00,81.194,14.564,5.436,1.0,1.1,1.1,2.0,69.2259
2025-01-21T11:00:00,101.26,14.683,5.317,1.0,1.1,1.1,2.0,75.2223
2025-01-21T12:00:00,104.086,14.564,5.436,1.0,1.1,1.1,2.0,79.9788
2025-01-21T13:00:00,122.47,14.214,5.786,1.0,1.1,1.1,2.0,84.4251
2025-01-21T14:00:00,132.205,13.658,6.342,1.0,1.1,1.1,2.0,88.5365
2025-01-21T15:00:00,136.997,12.933,7.067,1.0,1.1,1.1,2.0,91.7454
2025-01-21T16:00:00,136.163,12.089,7.911,1.0,1.1,1.1,2.0,93.9236
2025-01-21T17:00:00,127.346,11.183,8.817,1.0,1.1,1.1,2.0,95.1121
2025-01-21T18:00:00,119.151,10.277,9.723,1.0,1.1,1.1,2.0,95.1883
2025-01-21T19:00:00,85.957,9.433,10.567,1.0,1.1,1.1,2.0,96.2943
2025-01-21T20:00:00,70.973,8.708,11.292,1.0,1.1,1.1,2.0,94.0322
2025-01-21T21:00:00,49.993,8.152,11.848,1.0,1.1,1.1,2.0,97.21
2025-01-21T22:00:00,0.0,7.802,12.198,0.0,1.1,0.77,0.5635,82.2376
2025-01-21T23:00:00,0.0,7.683,12.317,0.0,1.1,0.77,0.569,68.0574
2025-01-22T00:00:00,0.0,7.947,12.053,0.0,1.1,0.77,0.5569,61.1224
2025-01-22T01:00:00,0.0,8.296,11.704,0.0,1.1,0.77,0.5407,52.4015
2025-01-22T02:00:00,0.0,8.853,11.147,0.0,1.1,0.77,0.515,46.9751
2025-01-22T03:00:00,0.0,9.578,10.422,0.0,1.1,0.77,0.4815,43.1548
2025-01-22T04:00:00,0.0,10.422,9.578,0.0,1.1,0.77,0.4425,39.513
2025-01-22T05:00:00,0.0,11.328,8.672,0.0,1.1,0.77,0.4007,36.8028
2025-01-22T06:00:00,0.0,12.233,7.767,0.0,1.1,0.77,0.3588,35.6234
2025-01-22T07:00:00,0.0,13.078,6.922,0.0,1.1,0.77,0.3198,38.6098
2025-01-22T08:00:00,40.55,13.802,6.198,1.0,1.1,1.1,1.6861,48.1372
2025-01-22T09:00:00,56.841,14.359,5.641,1.0,1.1,1.1,2.0,57.9335
2025-01-22T10:00:00,73.629,14.708,5.292,1.0,1.1,1.1,2.0,65.7839
2025-01-22T11:00:00,102.858,14.828,5.172,1.0,1.1,1.1,2.0,73.9505
2025-01-22T12:00:00,121.471,14.708,5.292,1.0,1.1,1.1,2.0,78.2663
2025-01-22T13:00:00,119.811,14.359,5.641,1.0,1.1,1.1,2.0,82.2196
2025-01-22T14:00:00,128.722,13.802,6.198,1.0,1.1,1.1,2.0,83.9496
2025-01-22T15:00:00,135.549,13.078,6.922,1.0,1.1,1.1,2.0,86.3055
2025-01-22T16:00:00,132.951,12.233,7.767,1.0,1.1,1.1,2.0,88.7211
2025-01-22T17:00:00,126.44,11.328,8.672,1.0,1.1,1.1,2.0,87.7779
2025-01-22T18:00:00,104.42,10.422,9.578,1.0,1.1,1.1,2.0,87.5955
2025-01-22T19:00:00,87.615,9.578,10.422,1.0,1.1,1.1,2.0,86.1643
2025-01-22T20:00:00,82.481,8.853,11.147,1.0,1.1,1.1,2.0,87.4484
2025-01-22T21:00:00,39.374,8.296,11.704,1.0,1.1,1.1,2.0,88.6365
2025-01-22T22:00:00,0.0,7.947,12.053,0.0,1.1,0.77,0.5569,76.1928
2025-01-22T23:00:00,0.0,7.828,12.172,0.0,1.1,0.77,0.5624,69.6616
2025-01-23T00:00:00,0.0,8.09,11.91,0.0,1.1,0.77,0.5502,58.078
2025-01-23T01:00:00,0.0,8.44,11.56,0.0,1.1,0.77,0.5341,53.6784
2025-01-23T02:00:00,0.0,8.996,11.004,0.0,1.1,0.77,0.5084,48.6908
2025-01-23T03:00:00,0.0,9.721,10.279,0.0,1.1,0.77,0.4749,44.3138
2025-01-23T04:00:00,0.0,10.565,9.435,0.0,1.1,0.77,0.4359,37.727
2025-01-23T05:00:00,0.0,11.471,8.529,0.0,1.1,0.77,0.394,32.71
2025-01-23T06:00:00,0.0,12.377,7.623,0.0,1.1,0.77,0.3522,31.9697
2025-01-23T07:00:00,0.0,13.221,6.779,0.0,1.1,0.77,0.3132,30.6258
2025-01-23T08:00:00,47.914,13.946,6.054,1.0,1.1,1.1,1.8387,51.6498
2025-01-23T09:00:00,61.779,14.502,5.498,1.0,1.1,1.1,2.0,57.6284
2025-01-23T10:00:00,76.324,14.852,5.148,1.0,1.1,1.1,2.0,61.4998
2025-01-23T11:00:00,101.888,14.971,5.029,1.0,1.1,1.1,2.0,68.3967
2025-01-23T12:00:00,123.871,14.852,5.148,1.0,1.1,1.1,2.0,70.4273
2025-01-23T13:00:00,108.093,14.502,5.498,1.0,1.1,1.1,2.0,74.8756
2025-01-23T14:00:00,136.785,13.946,6.054,1.0,1.1,1.1,2.0,82.1719
2025-01-23T15:00:00,124.079,13.221,6.779,1.0,1.1,1.1,2.0,82.4151
2025-01-23T16:00:00,128.786,12.377,7.623,1.0,1.1,1.1,2.0,83.9447
2025-01-23T17:00:00,128.903,11.471,8.529,1.0,1.1,1.1,2.0,85.6112
2025-01-23T18:00:00,116.645,10.565,9.435,1.0,1.1,1.1,2.0,87.0206
2025-01-23T19:00:00,99.525,9.721,10.279,1.0,1.1,1.1,2.0,88.3953
2025-01-23T20:00:00,67.494,8.996,11.004,1.0,1.1,1.1,2.0,88.033
2025-01-23T21:00:00,37.861,8.44,11.56,1.0,1.1,1.1,1.9809,91.4958
2025-01-23T22:00:00,0.0,8.09,11.91,0.0,1.1,0.77,0.5502,75.7261
2025-01-23T23:00:00,0.0,7.971,12.029,0.0,1.1,0.77,0.5557,59.2302
2025-01-24T00:00:00,0.0,8.233,11.767,0.0,1.1,0.77,0.5437,52.8611
2025-01-24T01:00:00,0.0,8.582,11.418,0.0,1.1,0.77,0.5275,46.8983
2025-01-24T02:00:00,0.0,9.139,10.861,0.0,1.1,0.77,0.5018,43.5916
2025-01-24T03:00:00,0.0,9.863,10.137,0.0,1.1,0.77,0.4683,42.7371
2025-01-24T04:00:00,0.0,10.708,9.292,0.0,1.1,0.77,0.4293,44.8168
2025-01-24T05:00:00,0.0,11.613,8.387,0.0,1.1,0.77,0.3875,42.7163
2025-01-24T06:00:00,0.0,12.519,7.481,0.0,1.1,0.77,0.3456,35.2899
2025-01-24T07:00:00,0.0,13.363,6.637,0.0,1.1,0.77,0.3066,34.4361
2025-01-24T08:00:00,37.824,14.088,5.912,1.0,1.1,1.1,1.6073,43.6183
2025-01-24T09:00:00,63.107,14.644,5.356,1.0,1.1,1.1,2.0,58.231
2025-01-24T10:00:00,71.801,14.994,5.006,1.0,1.1,1.1,2.0,66.2045
2025-01-24T11:00:00,93.307,15.113,4.887,1.0,1.1,1.1,2.0,71.3754
2025-01-24T12:00:00,99.256,14.994,5.006,1.0,1.1,1.1,2.0,72.9249
2025-01-24T13:00:00,125.592,14.644,5.356,1.0,1.1,1.1,2.0,81.6323
2025-01-24T14:00:00,136.198,14.088,5.912,1.0,1.1,1.1,2.0,81.7981
2025-01-24T15:00:00,133.466,13.363,6.637,1.0,1.1,1.1,2.0,88.7032
2025-01-24T16:00:00,127.462,12.519,7.481,1.0,1.1,1.1,2.0,90.4178
2025-01-24T17:00:00,125.235,11.613,8.387,1.0,1.1,1.1,2.0,94.2264
2025-01-24T18:00:00,113.912,10.708,9.292,1.0,1.1,1.1,2.0,95.5162
2025-01-24T19:00:00,85.356,9.863,10.137,1.0,1.1,1.1,2.0,94.7316
2025-01-24T20:00:00,57.858,9.139,10.861,1.0,1.1,1.1,2.0,95.7097
2025-01-24T21:00:00,38.7,8.582,11.418,1.0,1.1,1.1,1.99,98.5063
2025-01-24T22:00:00,0.0,8.233,11.767,0.0,1.1,0.77,0.5437,81.3208
2025-01-24T23:00:00,0.0,8.113,11.887,0.0,1.1,0.77,0.5492,66.1154
2025-01-25T00:00:00,0.0,8.374,11.626,0.0,1.1,0.77,0.5371,56.4081
2025-01-25T01:00:00,0.0,8.724,11.276,0.0,1.1,0.77,0.521,50.7681
2025-01-25T02:00:00,0.0,9.28,10.72,0.0,1.1,0.77,0.4953,47.3388
2025-01-25T03:00:00,0.0,10.005,9.995,0.0,1.1,0.77,0.4618,42.5352
2025-01-25T04:00:00,0.0,10.849,9.151,0.0,1.1,0.77,0.4228,37.0797
2025-01-25T05:00:00,0.0,11.755,8.245,0.0,1.1,0.77,0.3809,38.2119
2025-01-25T06:00:00,0.0,12.661,7.339,0.0,1.1,0.77,0.3391,35.1422
2025-01-25T07:00:00,0.0,13.505,6.495,0.0,1.1,0.77,0.3001,31.4532
2025-01-25T08:00:00,0.0,14.23,5.77,0.0,1.1,0.77,0.2666,33.7608
2025-01-25T09:00:00,0.0,14.786,5.214,0.0,1.1,0.77,0.2409,30.7161
2025-01-25T10:00:00,44.768,15.135,4.865,1.0,1.1,1.1,1.691,38.5149
2025-01-25T11:00:00,65.368,15.255,4.745,1.0,1.1,1.1,2.0,48.4712
2025-01-25T12:00:00,87.352,15.135,4.865,1.0,1.1,1.1,2.0,58.475
2025-01-25T13:00:00,78.529,14.786,5.214,1.0,1.1,1.1,2.0,69.3196
2025-01-25T14:00:00,92.226,14.23,5.77,1.0,1.1,1.1,2.0,76.0439
2025-01-25T15:00:00,88.815,13.505,6.495,1.0,1.1,1.1,2.0,80.8149
2025-01-25T16:00:00,70.849,12.661,7.339,1.0,1.1,1.1,2.0,83.2892
2025-01-25T17:00:00,80.293,11.755,8.245,1.0,1.1,1.1,2.0,85.938
2025-01-25T18:00:00,0.0,10.849,9.151,0.0,1.1,0.77,0.4228,69.7988
2025-01-25T19:00:00,0.0,10.005,9.995,0.0,1.1,0.77,0.4618,58.9489
2025-01-25T20:00:00,0.0,9.28,10.72,0.0,1.1,0.77,0.4953,51.1391
2025-01-25T21:00:00,0.0,8.724,11.276,0.0,1.1,0.77,0.521,44.8128
2025-01-25T22:00:00,0.0,8.374,11.626,0.0,1.1,0.77,0.5371,40.7334
2025-01-25T23:00:00,0.0,8.255,11.745,0.0,1.1,0.77,0.5426,40.4417
2025-01-26T00:00:00,0.0,8.514,11.486,0.0,1.1,0.77,0.5306,38.0586
2025-01-26T01:00:00,0.0,8.864,11.136,0.0,1.1,0.77,0.5145,36.9173
2025-01-26T02:00:00,0.0,9.42,10.58,0.0,1.1,0.77,0.4888,37.6146
2025-01-26T03:00:00,0.0,10.145,9.855,0.0,1.1,0.77,0.4553,37.4801
2025-01-26T04:00:00,0.0,10.989,9.011,0.0,1.1,0.77,0.4163,33.6745
2025-01-26T05:00:00,0.0,11.895,8.105,0.0,1.1,0.77,0.3745,35.0365
2025-01-26T06:00:00,0.0,12.801,7.199,0.0,1.1,0.77,0.3326,38.3998
2025-01-26T07:00:00,0.0,13.645,6.355,0.0,1.1,0.77,0.2936,33.5379
2025-01-26T08:00:00,0.0,14.37,5.63,0.0,1.1,0.77,0.2601,27.0182
2025-01-26T09:00:00,0.0,14.926,5.074,0.0,1.1,0.77,0.2344,27.7424
2025-01-26T10:00:00,45.806,15.276,4.724,1.0,1.1,1.1,1.7045,44.6541
2025-01-26T11:00:00,73.272,15.395,4.605,1.0,1.1,1.1,2.0,56.06
2025-01-26T12:00:00,84.64,15.276,4.724,1.0,1.1,1.1,2.0,61.1835
2025-01-26T13:00:00,71.648,14.926,5.074,1.0,1.1,1.1,2.0,66.5342
2025-01-26T14:00:00,82.955,14.37,5.63,1.0,1.1,1.1,2.0,72.793
2025-01-26T15:00:00,95.596,13.645,6.355,1.0,1.1,1.1,2.0,79.3522
2025-01-26T16:00:00,85.833,12.801,7.199,1.0,1.1,1.1,2.0,82.6963
2025-01-26T17:00:00,83.41,11.895,8.105,1.0,1.1,1.1,2.0,79.5698
2025-01-26T18:00:00,0.0,10.989,9.011,0.0,1.1,0.77,0.4163,63.9536
2025-01-26T19:00:00,0.0,10.145,9.855,0.0,1.1,0.77,0.4553,56.3806
2025-01-26T20:00:00,0.0,9.42,10.58,0.0,1.1,0.77,0.4888,50.2098
2025-01-26T21:00:00,0.0,8.864,11.136,0.0,1.1,0.77,0.5145,51.2754
2025-01-26T22:00:00,0.0,8.514,11.486,0.0,1.1,0.77,0.5306,47.8173
2025-01-26T23:00:00,0.0,8.395,11.605,0.0,1.1,0.77,0.5362,38.2407
2025-01-27T00:00:00,0.0,8.653,11.347,0.0,1.1,0.77,0.5242,38.5026
2025-01-27T01:00:00,0.0,9.003,10.997,0.0,1.1,0.77,0.5081,31.9283
2025-01-27T02:00:00,0.0,9.559,10.441,0.0,1.1,0.77,0.4824,28.4582
2025-01-27T03:00:00,0.0,10.284,9.716,0.0,1.1,0.77,0.4489,32.4792
2025-01-27T04:00:00,0.0,11.128,8.872,0.0,1.1,0.77,0.4099,29.2156
2025-01-27T05:00:00,0.0,12.034,7.966,0.0,1.1,0.77,0.368,28.1337
2025-01-27T06:00:00,0.0,12.94,7.06,0.0,1.1,0.77,0.3262,27.4182
2025-01-27T07:00:00,0.0,13.784,6.216,0.0,1.1,0.77,0.2872,27.1068
2025-01-27T08:00:00,41.325,14.509,5.491,1.0,1.1,1.1,1.6566,41.3822
2025-01-27T09:00:00,58.708,15.065,4.935,1.0,1.1,1.1,2.0,54.0962
2025-01-27T10:00:00,70.996,15.415,4.585,1.0,1.1,1.1,2.0,60.5589
2025-01-27T11:00:00,92.03,15.534,4.466,1.0,1.1,1.1,2.0,65.2728
2025-01-27T12:00:00,107.037,15.415,4.585,1.0,1.1,1.1,2.0,73.0575
2025-01-27T13:00:00,124.682,15.065,4.935,1.0,1.1,1.1,2.0,74.867
2025-01-27T14:00:00,128.096,14.509,5.491,1.0,1.1,1.1,2.0,84.0415
2025-01-27T15:00:00,135.773,13.784,6.216,1.0,1.1,1.1,2.0,84.8237
2025-01-27T16:00:00,127.756,12.94,7.06,1.0,1.1,1.1,2.0,84.9535
2025-01-27T17:00:00,120.2,12.034,7.966,1.0,1.1,1.1,2.0,86.8008
2025-01-27T18:00:00,113.968,11.128,8.872,1.0,1.1,1.1,2.0,89.4688
2025-01-27T19:00:00,80.744,10.284,9.716,1.0,1.1,1.1,2.0,93.121
2025-01-27T20:00:00,66.674,9.559,10.441,1.0,1.1,1.1,2.0,93.201
2025-01-27T21:00:00,40.171,9.003,10.997,1.0,1.1,1.1,1.9946,95.1802
2025-01-27T22:00:00,0.0,8.653,11.347,0.0,1.1,0.77,0.5242,79.3886
2025-01-27T23:00:00,0.0,8.534,11.466,0.0,1.1,0.77,0.5297,62.8694
2025-01-28T00:00:00,0.0,8.791,11.209,0.0,1.1,0.77,0.5178,54.9707
2025-01-28T01:00:00,0.0,9.141,10.859,0.0,1.1,0.77,0.5017,47.4088
2025-01-28T02:00:00,0.0,9.697,10.303,0.0,1.1,0.77,0.476,44.8713
2025-01-28T03:00:00,0.0,10.422,9.578,0.0,1.1,0.77,0.4425,42.5036
2025-01-28T04:00:00,0.0,11.266,8.734,0.0,1.1,0.77,0.4035,40.095
2025-01-28T05:00:00,0.0,12.172,7.828,0.0,1.1,0.77,0.3617,33.6253
2025-01-28T06:00:00,0.0,13.078,6.922,0.0,1.1,0.77,0.3198,31.8961
2025-01-28T07:00:00,0.0,13.922,6.078,0.0,1.1,0.77,0.2808,29.7178
2025-01-28T08:00:00,42.945,14.647,5.353,1.0,1.1,1.1,1.6831,42.0219
2025-01-28T09:00:00,51.029,15.203,4.797,1.0,1.1,1.1,1.8242,52.2974
2025-01-28T10:00:00,84.454,15.553,4.447,1.0,1.1,1.1,2.0,64.0444
2025-01-28T11:00:00,98.432,15.672,4.328,1.0,1.1,1.1,2.0,69.256
2025-01-28T12:00:00,118.396,15.553,4.447,1.0,1.1,1.1,2.0,76.6436
2025-01-28T13:00:00,120.461,15.203,4.797,1.0,1.1,1.1,2.0,76.2723
2025-01-28T14:00:00,120.379,14.647,5.353,1.0,1.1,1.1,2.0,80.4528
2025-01-28T15:00:00,136.096,13.922,6.078,1.0,1.1,1.1,2.0,83.2884
2025-01-28T16:00:00,135.927,13.078,6.922,1.0,1.1,1.1,2.0,85.9629
2025-01-28T17:00:00,118.056,12.172,7.828,1.0,1.1,1.1,2.0,86.5694
2025-01-28T18:00:00,114.855,11.266,8.734,1.0,1.1,1.1,2.0,90.1625
2025-01-28T19:00:00,93.153,10.422,9.578,1.0,1.1,1.1,2.0,89.376
2025-01-28T20:00:00,70.351,9.697,10.303,1.0,1.1,1.1,2.0,92.6237
2025-01-28T21:00:00,40.704,9.141,10.859,1.0,1.1,1.1,1.9972,94.6735
2025-01-28T22:00:00,0.0,8.791,11.209,0.0,1.1,0.77,0.5178,78.7768
2025-01-28T23:00:00,0.0,8.672,11.328,0.0,1.1,0.77,0.5234,65.1698
2025-01-29T00:00:00,0.0,8.928,11.072,0.0,1.1,0.77,0.5115,55.9798
2025-01-29T01:00:00,0.0,9.278,10.722,0.0,1.1,0.77,0.4954,43.9041
2025-01-29T02:00:00,0.0,9.834,10.166,0.0,1.1,0.77,0.4697,36.9848
2025-01-29T03:00:00,0.0,10.559,9.441,0.0,1.1,0.77,0.4362,31.7213
2025-01-29T04:00:00,0.0,11.403,8.597,0.0,1.1,0.77,0.3972,30.1325
2025-01-29T05:00:00,0.0,12.309,7.691,0.0,1.1,0.77,0.3553,30.1341
2025-01-29T06:00:00,0.0,13.214,6.786,0.0,1.1,0.77,0.3135,29.3482
2025-01-29T07:00:00,0.0,14.059,5.941,0.0,1.1,0.77,0.2745,31.8138
2025-01-29T08:00:00,26.619,14.783,5.217,1.0,1.1,1.1,1.3149,40.2891
2025-01-29T09:00:00,44.269,15.34,4.66,1.0,1.1,1.1,1.6665,48.6233
2025-01-29T10:00:00,76.989,15.689,4.311,1.0,1.1,1.1,2.0,59.4347
2025-01-29T11:00:00,101.673,15.809,4.191,1.0,1.1,1.1,2.0,66.9227
2025-01-29T12:00:00,105.758,15.689,4.311,1.0,1.1,1.1,2.0,73.2561
2025-01-29T13:00:00,134.436,15.34,4.66,1.0,1.1,1.1,2.0,76.7501
2025-01-29T14:00:00,140.163,14.783,5.217,1.0,1.1,1.1,2.0,79.8211
2025-01-29T15:00:00,115.256,14.059,5.941,1.0,1.1,1.1,2.0,85.3859
2025-01-29T16:00:00,139.579,13.214,6.786,1.0,1.1,1.1,2.0,87.556
2025-01-29T17:00:00,138.07,12.309,7.691,1.0,1.1,1.1,2.0,83.1889
2025-01-29T18:00:00,110.405,11.403,8.597,1.0,1.1,1.1,2.0,85.8636
2025-01-29T19:00:00,88.595,10.559,9.441,1.0,1.1,1.1,2.0,89.0013
2025-01-29T20:00:00,81.29,9.834,10.166,1.0,1.1,1.1,2.0,88.442
2025-01-29T21:00:00,63.361,9.278,10.722,1.0,1.1,1.1,2.0,93.1452
2025-01-29T22:00:00,0.0,8.928,11.072,0.0,1.1,0.77,0.5115,77.5794
2025-01-29T23:00:00,0.0,8.809,11.191,0.0,1.1,0.77,0.517,65.4463
2025-01-30T00:00:00,0.0,9.063,10.937,0.0,1.1,0.77,0.5053,57.7751
2025-01-30T01:00:00,0.0,9.413,10.587,0.0,1.1,0.77,0.4891,51.3237
2025-01-30T02:00:00,0.0,9.969,10.031,0.0,1.1,0.77,0.4634,43.8343
2025-01-30T03:00:00,0.0,10.694,9.306,0.0,1.1,0.77,0.4299,38.9159
2025-01-30T04:00:00,0.0,11.538,8.462,0.0,1.1,0.77,0.3909,39.2244
2025-01-30T05:00:00,0.0,12.444,7.556,0.0,1.1,0.77,0.3491,39.0882
2025-01-30T06:00:00,0.0,13.35,6.65,0.0,1.1,0.77,0.3072,36.481
2025-01-30T07:00:00,0.0,14.194,5.806,0.0,1.1,0.77,0.2682,29.3017
2025-01-30T08:00:00,45.799,14.919,5.081,1.0,1.1,1.1,1.7279,38.0871
2025-01-30T09:00:00,54.081,15.475,4.525,1.0,1.1,1.1,1.8734,54.627
2025-01-30T10:00:00,72.044,15.825,4.175,1.0,1.1,1.1,2.0,64.6641
2025-01-30T11:00:00,104.765,15.944,4.056,1.0,1.1,1.1,2.0,70.3437
2025-01-30T12:00:00,103.458,15.825,4.175,1.0,1.1,1.1,2.0,72.941
2025-01-30T13:00:00,126.391,15.475,4.525,1.0,1.1,1.1,2.0,77.3638
2025-01-30T14:00:00,133.336,14.919,5.081,1.0,1.1,1.1,2.0,81.2235
2025-01-30T15:00:00,134.414,14.194,5.806,1.0,1.1,1.1,2.0,87.4095
2025-01-30T16:00:00,132.502,13.35,6.65,1.0,1.1,1.1,2.0,90.9976
2025-01-30T17:00:00,126.883,12.444,7.556,1.0,1.1,1.1,2.0,94.1902
2025-01-30T18:00:00,118.659,11.538,8.462,1.0,1.1,1.1,2.0,95.43
2025-01-30T19:00:00,86.614,10.694,9.306,1.0,1.1,1.1,2.0,91.0573
2025-01-30T20:00:00,71.89,9.969,10.031,1.0,1.1,1.1,2.0,89.4824
2025-01-30T21:00:00,50.561,9.413,10.587,1.0,1.1,1.1,2.0,94.7964
2025-01-30T22:00:00,0.0,9.063,10.937,0.0,1.1,0.77,0.5053,76.044
2025-01-30T23:00:00,0.0,8.944,11.056,0.0,1.1,0.77,0.5108,64.347
2025-01-31T00:00:00,0.0,9.197,10.803,0.0,1.1,0.77,0.4991,55.6559
2025-01-31T01:00:00,0.0,9.547,10.453,0.0,1.1,0.77,0.4829,46.248
2025-01-31T02:00:00,0.0,10.103,9.897,0.0,1.1,0.77,0.4572,44.1512
2025-01-31T03:00:00,0.0,10.828,9.172,0.0,1.1,0.77,0.4237,37.7076
2025-01-31T04:00:00,0.0,11.672,8.328,0.0,1.1,0.77,0.3847,35.3205
2025-01-31T05:00:00,0.0,12.578,7.422,0.0,1.1,0.77,0.3429,29.601
2025-01-31T06:00:00,0.0,13.484,6.516,0.0,1.1,0.77,0.301,25.8226
2025-01-31T07:00:00,0.0,14.328,5.672,0.0,1.1,0.77,0.262,26.8177
2025-01-31T08:00:00,34.736,15.053,4.947,1.0,1.1,1.1,1.4757,39.2636
2025-01-31T09:00:00,45.168,15.609,4.391,1.0,1.1,1.1,1.6685,51.9945
2025-01-31T10:00:00,88.343,15.959,4.041,1.0,1.1,1.1,2.0,61.9905
2025-01-31T11:00:00,84.387,16.078,3.922,1.0,1.1,1.1,2.0,74.7534
2025-01-31T12:00:00,91.968,15.959,4.041,1.0,1.1,1.1,2.0,78.4236
2025-01-31T13:00:00,116.296,15.609,4.391,1.0,1.1,1.1,2.0,82.5373
2025-01-31T14:00:00,119.662,15.053,4.947,1.0,1.1,1.1,2.0,91.0437
2025-01-31T15:00:00,137.404,14.328,5.672,1.0,1.1,1.1,2.0,92.1954
2025-01-31T16:00:00,134.05,13.484,6.516,1.0,1.1,1.1,2.0,92.4409
2025-01-31T17:00:00,114.256,12.578,7.422,1.0,1.1,1.1,2.0,94.3693
2025-01-31T18:00:00,96.668,11.672,8.328,1.0,1.1,1.1,2.0,93.6976
2025-01-31T19:00:00,88.523,10.828,9.172,1.0,1.1,1.1,2.0,93.5162
2025-01-31T20:00:00,77.152,10.103,9.897,1.0,1.1,1.1,2.0,98.0221
2025-01-31T21:00:00,53.543,9.547,10.453,1.0,1.1,1.1,2.0,95.9601
2025-01-31T22:00:00,0.0,9.197,10.803,0.0,1.1,0.77,0.4991,78.6761
2025-01-31T23:00:00,0.0,9.078,10.922,0.0,1.1,0.77,0.5046,64.7823
2025-02-01T00:00:00,0.0,9.33,10.67,0.0,1.1,0.77,0.493,53.4661
2025-02-01T01:00:00,0.0,9.68,10.32,0.0,1.1,0.77,0.4768,44.2058
2025-02-01T02:00:00,0.0,10.236,9.764,0.0,1.1,0.77,0.4511,43.144
2025-02-01T03:00:00,0.0,10.961,9.039,0.0,1.1,0.77,0.4176,37.9961
2025-02-01T04:00:00,0.0,11.805,8.195,0.0,1.1,0.77,0.3786,36.7492
2025-02-01T05:00:00,0.0,12.711,7.289,0.0,1.1,0.77,0.3368,32.347
2025-02-01T06:00:00,0.0,13.617,6.383,0.0,1.1,0.77,0.2949,30.4026
2025-02-01T07:00:00,0.0,14.461,5.539,0.0,1.1,0.77,0.2559,31.0177
2025-02-01T08:00:00,0.0,15.186,4.814,0.0,1.1,0.77,0.2224,26.7048
2025-02-01T09:00:00,0.0,15.742,4.258,0.0,1.1,0.77,0.1967,26.3301
2025-02-01T10:00:00,42.084,16.091,3.909,1.0,1.1,1.1,1.5688,39.292
2025-02-01T11:00:00,64.738,16.211,3.789,1.0,1.1,1.1,2.0,48.069
2025-02-01T12:00:00,54.919,16.091,3.909,1.0,1.1,1.1,1.8512,56.6383
2025-02-01T13:00:00,71.785,15.742,4.258,1.0,1.1,1.1,2.0,59.9441
2025-02-01T14:00:00,94.162,15.186,4.814,1.0,1.1,1.1,2.0,71.5389
2025-02-01T15:00:00,84.922,14.461,5.539,1.0,1.1,1.1,2.0,82.1045
2025-02-01T16:00:00,100.58,13.617,6.383,1.0,1.1,1.1,2.0,82.4347
2025-02-01T17:00:00,77.054,12.711,7.289,1.0,1.1,1.1,2.0,84.1836
2025-02-01T18:00:00,0.0,11.805,8.195,0.0,1.1,0.77,0.3786,74.4349
2025-02-01T19:00:00,0.0,10.961,9.039,0.0,1.1,0.77,0.4176,59.4846
2025-02-01T20:00:00,0.0,10.236,9.764,0.0,1.1,0.77,0.4511,51.8046
2025-02-01T21:00:00,0.0,9.68,10.32,0.0,1.1,0.77,0.4768,42.2818
2025-02-01T22:00:00,0.0,9.33,10.67,0.0,1.1,0.77,0.493,37.8512
2025-02-01T23:00:00,0.0,9.211,10.789,0.0,1.1,0.77,0.4985,36.5817
2025-02-02T00:00:00,0.0,9.461,10.539,0.0,1.1,0.77,0.4869,29.7369
2025-02-02T01:00:00,0.0,9.811,10.189,0.0,1.1,0.77,0.4707,30.7842
2025-02-02T02:00:00,0.0,10.367,9.633,0.0,1.1,0.77,0.445,31.5042
2025-02-02T03:00:00,0.0,11.092,8.908,0.0,1.1,0.77,0.4115,33.1651
2025-02-02T04:00:00,0.0,11.936,8.064,0.0,1.1,0.77,0.3725,29.9648
2025-02-02T05:00:00,0.0,12.842,7.158,0.0,1.1,0.77,0.3307,28.1187
2025-02-02T06:00:00,0.0,13.748,6.252,0.0,1.1,0.77,0.2888,25.9845
2025-02-02T07:00:00,0.0,14.592,5.408,0.0,1.1,0.77,0.2498,24.3868
2025-02-02T08:00:00,0.0,15.317,4.683,0.0,1.1,0.77,0.2164,23.5066
2025-02-02T09:00:00,0.0,15.873,4.127,0.0,1.1,0.77,0.1907,25.2081
2025-02-02T10:00:00,73.11,16.223,3.777,1.0,1.1,1.1,2.0,43.8358
2025-02-02T11:00:00,58.586,16.342,3.658,1.0,1.1,1.1,1.9153,55.782
2025-02-02T12:00:00,69.241,16.223,3.777,1.0,1.1,1.1,2.0,69.3367
2025-02-02T13:00:00,95.552,15.873,4.127,1.0,1.1,1.1,2.0,75.168
2025-02-02T14:00:00,92.896,15.317,4.683,1.0,1.1,1.1,2.0,72.3295
2025-02-02T15:00:00,91.838,14.592,5.408,1.0,1.1,1.1,2.0,78.7423
2025-02-02T16:00:00,98.798,13.748,6.252,1.0,1.1,1.1,2.0,78.9515
2025-02-02T17:00:00,77.533,12.842,7.158,1.0,1.1,1.1,2.0,82.2469
2025-02-02T18:00:00,0.0,11.936,8.064,0.0,1.1,0.77,0.3725,68.8813
2025-02-02T19:00:00,0.0,11.092,8.908,0.0,1.1,0.77,0.4115,63.5331
2025-02-02T20:00:00,0.0,10.367,9.633,0.0,1.1,0.77,0.445,50.885
2025-02-02T21:00:00,0.0,9.811,10.189,0.0,1.1,0.77,0.4707,45.2566
2025-02-02T22:00:00,0.0,9.461,10.539,0.0,1.1,0.77,0.4869,41.4042
2025-02-02T23:00:00,0.0,9.342,10.658,0.0,1.1,0.77,0.4924,34.6563
2025-02-03T00:00:00,0.0,9.591,10.409,0.0,1.1,0.77,0.4809,35.8985
2025-02-03T01:00:00,0.0,9.941,10.059,0.0,1.1,0.77,0.4647,32.2464
2025-02-03T02:00:00,0.0,10.497,9.503,0.0,1.1,0.77,0.439,34.0089
2025-02-03T03:00:00,0.0,11.222,8.778,0.0,1.1,0.77,0.4055,30.8823
2025-02-03T04:00:00,0.0,12.066,7.934,0.0,1.1,0.77,0.3665,31.5025
2025-02-03T05:00:00,0.0,12.972,7.028,0.0,1.1,0.77,0.3247,33.9451
2025-02-03T06:00:00,0.0,13.878,6.122,0.0,1.1,0.77,0.2828,32.331
2025-02-03T07:00:00,0.0,14.722,5.278,0.0,1.1,0.77,0.2438,31.5289
2025-02-03T08:00:00,35.456,15.447,4.553,1.0,1.1,1.1,1.4655,39.9448
2025-02-03T09:00:00,48.817,16.003,3.997,1.0,1.1,1.1,1.7228,53.9576
2025-02-03T10:00:00,61.211,16.353,3.647,1.0,1.1,1.1,1.9724,60.4099
2025-02-03T11:00:00,100.863,16.472,3.528,1.0,1.1,1.1,2.0,59.7923
2025-02-03T12:00:00,101.212,16.353,3.647,1.0,1.1,1.1,2.0,68.8065
2025-02-03T13:00:00,117.541,16.003,3.997,1.0,1.1,1.1,2.0,72.5774
2025-02-03T14:00:00,131.602,15.447,4.553,1.0,1.1,1.1,2.0,76.0616
2025-02-03T15:00:00,136.815,14.722,5.278,1.0,1.1,1.1,2.0,78.6442
2025-02-03T16:00:00,131.781,13.878,6.122,1.0,1.1,1.1,2.0,84.8976
2025-02-03T17:00:00,110.667,12.972,7.028,1.0,1.1,1.1,2.0,87.8206
2025-02-03T18:00:00,98.108,12.066,7.934,1.0,1.1,1.1,2.0,86.5608
2025-02-03T19:00:00,83.832,11.222,8.778,1.0,1.1,1.1,2.0,86.988
2025-02-03T20:00:00,76.982,10.497,9.503,1.0,1.1,1.1,2.0,87.8177
2025-02-03T21:00:00,60.391,9.941,10.059,1.0,1.1,1.1,2.0,89.521
2025-02-03T22:00:00,0.0,9.591,10.409,0.0,1.1,0.77,0.4809,70.0938
2025-02-03T23:00:00,0.0,9.472,10.528,0.0,1.1,0.77,0.4864,61.4606
2025-02-04T00:00:00,0.0,9.72,10.28,0.0,1.1,0.77,0.475,55.5216
2025-02-04T01:00:00,0.0,10.069,9.931,0.0,1.1,0.77,0.4588,48.3594
2025-02-04T02:00:00,0.0,10.625,9.375,0.0,1.1,0.77,0.4331,43.2526
2025-02-04T03:00:00,0.0,11.35,8.65,0.0,1.1,0.77,0.3996,37.2893
2025-02-04T04:00:00,0.0,12.194,7.806,0.0,1.1,0.77,0.3606,31.2432
2025-02-04T05:00:00,0.0,13.1,6.9,0.0,1.1,0.77,0.3188,22.7739
2025-02-04T06:00:00,0.0,14.006,5.994,0.0,1.1,0.77,0.2769,23.7923
2025-02-04T07:00:00,0.0,14.85,5.15,0.0,1.1,0.77,0.2379,24.2738
2025-02-04T08:00:00,21.504,15.575,4.425,1.0,1.1,1.1,1.1501,32.4391
2025-02-04T09:00:00,37.649,16.131,3.869,1.0,1.1,1.1,1.4686,45.87
2025-02-04T10:00:00,67.2,16.481,3.519,1.0,1.1,1.1,2.0,55.0411
2025-02-04T11:00:00,105.034,16.6,3.4,1.0,1.1,1.1,2.0,66.2466
2025-02-04T12:00:00,113.515,16.481,3.519,1.0,1.1,1.1,2.0,73.0871
2025-02-04T13:00:00,114.683,16.131,3.869,1.0,1.1,1.1,2.0,79.2716
2025-02-04T14:00:00,110.086,15.575,4.425,1.0,1.1,1.1,2.0,84.5779
2025-02-04T15:00:00,123.688,14.85,5.15,1.0,1.1,1.1,2.0,89.4388
2025-02-04T16:00:00,128.072,14.006,5.994,1.0,1.1,1.1,2.0,93.3863
2025-02-04T17:00:00,125.862,13.1,6.9,1.0,1.1,1.1,2.0,91.2249
2025-02-04T18:00:00,121.18,12.194,7.806,1.0,1.1,1.1,2.0,94.7652
2025-02-04T19:00:00,87.367,11.35,8.65,1.0,1.1,1.1,2.0,98.099
2025-02-04T20:00:00,67.739,10.625,9.375,1.0,1.1,1.1,2.0,94.4633
2025-02-04T21:00:00,46.71,10.069,9.931,1.0,1.1,1.1,2.0,96.8846
2025-02-04T22:00:00,0.0,9.72,10.28,0.0,1.1,0.77,0.475,83.7402
2025-02-04T23:00:00,0.0,9.6,10.4,0.0,1.1,0.77,0.4805,73.5528
2025-02-05T00:00:00,0.0,9.846,10.154,0.0,1.1,0.77,0.4691,63.9503
2025-02-05T01:00:00,0.0,10.196,9.804,0.0,1.1,0.77,0.4529,54.6809
2025-02-05T02:00:00,0.0,10.752,9.248,0.0,1.1,0.77,0.4272,49.3296
2025-02-05T03:00:00,0.0,11.477,8.523,0.0,1.1,0.77,0.3938,48.0969
2025-02-05T04:00:00,0.0,12.321,7.679,0.0,1.1,0.77,0.3548,45.1344
2025-02-05T05:00:00,0.0,13.227,6.773,0.0,1.1,0.77,0.3129,40.8561
2025-02-05T06:00:00,0.0,14.133,5.867,0.0,1.1,0.77,0.2711,35.3812
2025-02-05T07:00:00,0.0,14.977,5.023,0.0,1.1,0.77,0.2321,33.9082
2025-02-05T08:00:00,39.109,15.702,4.298,1.0,1.1,1.1,1.5291,44.2344
2025-02-05T09:00:00,60.66,16.258,3.742,1.0,1.1,1.1,1.9665,52.7354
2025-02-05T10:00:00,81.251,16.608,3.392,1.0,1.1,1.1,2.0,61.7272
2025-02-05T11:00:00,82.408,16.727,3.273,1.0,1.1,1.1,2.0,69.7238
2025-02-05T12:00:00,104.479,16.608,3.392,1.0,1.1,1.1,2.0,73.028
2025-02-05T13:00:00,111.555,16.258,3.742,1.0,1.1,1.1,2.0,77.3192
2025-02-05T14:00:00,139.213,15.702,4.298,1.0,1.1,1.1,2.0,77.8001
2025-02-05T15:00:00,129.895,14.977,5.023,1.0,1.1,1.1,2.0,82.9795
2025-02-05T16:00:00,137.566,14.133,5.867,1.0,1.1,1.1,2.0,83.4876
2025-02-05T17:00:00,119.341,13.227,6.773,1.0,1.1,1.1,2.0,89.7809
2025-02-05T18:00:00,117.133,12.321,7.679,1.0,1.1,1.1,2.0,93.6608
2025-02-05T19:00:00,90.841,11.477,8.523,1.0,1.1,1.1,2.0,90.5787
2025-02-05T20:00:00,71.487,10.752,9.248,1.0,1.1,1.1,2.0,92.2192
2025-02-05T21:00:00,51.773,10.196,9.804,1.0,1.1,1.1,2.0,93.2186
2025-02-05T22:00:00,0.0,9.846,10.154,0.0,1.1,0.77,0.4691,77.7638
2025-02-05T23:00:00,0.0,9.727,10.273,0.0,1.1,0.77,0.4746,67.3523
2025-02-06T00:00:00,0.0,9.972,10.028,0.0,1.1,0.77,0.4633,61.0495
2025-02-06T01:00:00,0.0,10.321,9.679,0.0,1.1,0.77,0.4471,55.0536
2025-02-06T02:00:00,0.0,10.878,9.122,0.0,1.1,0.77,0.4215,47.4769
2025-02-06T03:00:00,0.0,11.603,8.397,0.0,1.1,0.77,0.388,41.839
2025-02-06T04:00:00,0.0,12.447,7.553,0.0,1.1,0.77,0.349,38.9495
2025-02-06T05:00:00,0.0,13.353,6.647,0.0,1.1,0.77,0.3071,37.0244
2025-02-06T06:00:00,0.0,14.258,5.742,0.0,1.1,0.77,0.2653,35.437
2025-02-06T07:00:00,0.0,15.103,4.897,0.0,1.1,0.77,0.2263,37.2328
2025-02-06T08:00:00,30.803,15.827,4.173,1.0,1.1,1.1,1.3381,48.6858
2025-02-06T09:00:00,73.26,16.384,3.616,1.0,1.1,1.1,2.0,58.6096
2025-02-06T10:00:00,64.008,16.733,3.267,1.0,1.1,1.1,2.0,66.2632
2025-02-06T11:00:00,97.157,16.853,3.147,1.0,1.1,1.1,2.0,69.1708
2025-02-06T12:00:00,99.933,16.733,3.267,1.0,1.1,1.1,2.0,73.9553
2025-02-06T13:00:00,114.966,16.384,3.616,1.0,1.1,1.1,2.0,77.4402
2025-02-06T14:00:00,128.898,15.827,4.173,1.0,1.1,1.1,2.0,80.5977
2025-02-06T15:00:00,129.173,15.103,4.897,1.0,1.1,1.1,2.0,81.8901
2025-02-06T16:00:00,123.031,14.258,5.742,1.0,1.1,1.1,2.0,86.0831
2025-02-06T17:00:00,127.4,13.353,6.647,1.0,1.1,1.1,2.0,87.9261
2025-02-06T18:00:00,119.119,12.447,7.553,1.0,1.1,1.1,2.0,93.3873
2025-02-06T19:00:00,80.617,11.603,8.397,1.0,1.1,1.1,2.0,95.4237
2025-02-06T20:00:00,80.858,10.878,9.122,1.0,1.1,1.1,2.0,96.052
2025-02-06T21:00:00,39.645,10.321,9.679,1.0,1.1,1.1,1.896,98.6355
2025-02-06T22:00:00,0.0,9.972,10.028,0.0,1.1,0.77,0.4633,79.9707
2025-02-06T23:00:00,0.0,9.853,10.147,0.0,1.1,0.77,0.4688,71.9914
2025-02-07T00:00:00,0.0,10.096,9.904,0.0,1.1,0.77,0.4576,62.0867
2025-02-07T01:00:00,0.0,10.445,9.555,0.0,1.1,0.77,0.4414,50.9502
2025-02-07T02:00:00,0.0,11.001,8.999,0.0,1.1,0.77,0.4157,41.8927
2025-02-07T03:00:00,0.0,11.726,8.274,0.0,1.1,0.77,0.3822,40.1377
2025-02-07T04:00:00,0.0,12.57,7.43,0.0,1.1,0.77,0.3432,36.2928
2025-02-07T05:00:00,0.0,13.476,6.524,0.0,1.1,0.77,0.3014,31.5911
2025-02-07T06:00:00,0.0,14.382,5.618,0.0,1.1,0.77,0.2595,28.3249
2025-02-07T07:00:00,0.0,15.226,4.774,0.0,1.1,0.77,0.2205,24.7973
2025-02-07T08:00:00,31.463,15.951,4.049,1.0,1.1,1.1,1.3444,37.262
2025-02-07T09:00:00,61.582,16.507,3.493,1.0,1.1,1.1,1.9703,52.3016
2025-02-07T10:00:00,66.346,16.857,3.143,1.0,1.1,1.1,2.0,64.4386
2025-02-07T11:00:00,99.196,16.976,3.024,1.0,1.1,1.1,2.0,76.2496
2025-02-07T12:00:00,102.587,16.857,3.143,1.0,1.1,1.1,2.0,75.9851
2025-02-07T13:00:00,121.128,16.507,3.493,1.0,1.1,1.1,2.0,78.7486
2025-02-07T14:00:00,121.909,15.951,4.049,1.0,1.1,1.1,2.0,83.2849
2025-02-07T15:00:00,134.281,15.226,4.774,1.0,1.1,1.1,2.0,87.7998
2025-02-07T16:00:00,119.09,14.382,5.618,1.0,1.1,1.1,2.0,89.8276
2025-02-07T17:00:00,130.569,13.476,6.524,1.0,1.1,1.1,2.0,92.2613
2025-02-07T18:00:00,116.815,12.57,7.43,1.0,1.1,1.1,2.0,93.6797
2025-02-07T19:00:00,100.533,11.726,8.274,1.0,1.1,1.1,2.0,91.1371
2025-02-07T20:00:00,66.539,11.001,8.999,1.0,1.1,1.1,2.0,89.4947
2025-02-07T21:00:00,53.792,10.445,9.555,1.0,1.1,1.1,2.0,89.6641
2025-02-07T22:00:00,0.0,10.096,9.904,0.0,1.1,0.77,0.4576,73.4382
2025-02-07T23:00:00,0.0,9.976,10.024,0.0,1.1,0.77,0.4631,63.9729
2025-02-08T00:00:00,0.0,10.218,9.782,0.0,1.1,0.77,0.4519,54.3334
2025-02-08T01:00:00,0.0,10.567,9.433,0.0,1.1,0.77,0.4358,52.2629
2025-02-08T02:00:00,0.0,11.124,8.876,0.0,1.1,0.77,0.4101,43.5053
2025-02-08T03:00:00,0.0,11.848,8.152,0.0,1.1,0.77,0.3766,43.3634
2025-02-08T04:00:00,0.0,12.693,7.307,0.0,1.1,0.77,0.3376,40.0584
2025-02-08T05:00:00,0.0,13.598,6.402,0.0,1.1,0.77,0.2958,35.7266
2025-02-08T06:00:00,0.0,14.504,5.496,0.0,1.1,0.77,0.2539,30.0823
2025-02-08T07:00:00,0.0,15.348,4.652,0.0,1.1,0.77,0.2149,27.1995
2025-02-08T08:00:00,0.0,16.073,3.927,0.0,1.1,0.77,0.1814,27.2285
2025-02-08T09:00:00,0.0,16.63,3.37,0.0,1.1,0.77,0.1557,24.2162
2025-02-08T10:00:00,59.859,16.979,3.021,1.0,1.1,1.1,1.9013,42.0104
2025-02-08T11:00:00,74.55,17.098,2.902,1.0,1.1,1.1,2.0,54.2645
2025-02-08T12:00:00,63.231,16.979,3.021,1.0,1.1,1.1,1.9754,64.6422
2025-02-08T13:00:00,88.222,16.63,3.37,1.0,1.1,1.1,2.0,70.0278
2025-02-08T14:00:00,89.223,16.073,3.927,1.0,1.1,1.1,2.0,83.1173
2025-02-08T15:00:00,85.155,15.348,4.652,1.0,1.1,1.1,2.0,83.8461
2025-02-08T16:00:00,84.223,14.504,5.496,1.0,1.1,1.1,2.0,87.7679
2025-02-08T17:00:00,64.759,13.598,6.402,1.0,1.1,1.1,2.0,86.7251
2025-02-08T18:00:00,0.0,12.693,7.307,0.0,1.1,0.77,0.3376,71.9404
2025-02-08T19:00:00,0.0,11.848,8.152,0.0,1.1,0.77,0.3766,59.7398
2025-02-08T20:00:00,0.0,11.124,8.876,0.0,1.1,0.77,0.4101,46.708
2025-02-08T21:00:00,0.0,10.567,9.433,0.0,1.1,0.77,0.4358,43.2135
2025-02-08T22:00:00,0.0,10.218,9.782,0.0,1.1,0.77,0.4519,38.9984
2025-02-08T23:00:00,0.0,10.098,9.902,0.0,1.1,0.77,0.4575,39.6651
2025-02-09T00:00:00,0.0,10.338,9.662,0.0,1.1,0.77,0.4464,36.2578
2025-02-09T01:00:00,0.0,10.688,9.312,0.0,1.1,0.77,0.4302,33.6525
2025-02-09T02:00:00,0.0,11.244,8.756,0.0,1.1,0.77,0.4045,31.5916
2025-02-09T03:00:00,0.0,11.969,8.031,0.0,1.1,0.77,0.371,31.0196
2025-02-09T04:00:00,0.0,12.813,7.187,0.0,1.1,0.77,0.332,28.7275
2025-02-09T05:00:00,0.0,13.719,6.281,0.0,1.1,0.77,0.2902,33.0398
2025-02-09T06:00:00,0.0,14.625,5.375,0.0,1.1,0.77,0.2483,26.8082
2025-02-09T07:00:00,0.0,15.469,4.531,0.0,1.1,0.77,0.2093,23.2063
2025-02-09T08:00:00,0.0,16.194,3.806,0.0,1.1,0.77,0.1758,23.8875
2025-02-09T09:00:00,0.0,16.75,3.25,0.0,1.1,0.77,0.1502,19.2442
2025-02-09T10:00:00,53.026,17.1,2.9,1.0,1.1,1.1,1.743,35.8382
2025-02-09T11:00:00,57.635,17.219,2.781,1.0,1.1,1.1,1.8365,48.8325
2025-02-09T12:00:00,61.996,17.1,2.9,1.0,1.1,1.1,1.9403,58.0249
2025-02-09T13:00:00,79.434,16.75,3.25,1.0,1.1,1.1,2.0,72.0393
2025-02-09T14:00:00,88.803,16.194,3.806,1.0,1.1,1.1,2.0,77.0079
2025-02-09T15:00:00,73.729,15.469,4.531,1.0,1.1,1.1,2.0,77.982
2025-02-09T16:00:00,76.914,14.625,5.375,1.0,1.1,1.1,2.0,82.5588
2025-02-09T17:00:00,92.619,13.719,6.281,1.0,1.1,1.1,2.0,90.2544
2025-02-09T18:00:00,0.0,12.813,7.187,0.0,1.1,0.77,0.332,72.1526
2025-02-09T19:00:00,0.0,11.969,8.031,0.0,1.1,0.77,0.371,64.3621
2025-02-09T20:00:00,0.0,11.244,8.756,0.0,1.1,0.77,0.4045,54.6052
2025-02-09T21:00:00,0.0,10.688,9.312,0.0,1.1,0.77,0.4302,49.9462
2025-02-09T22:00:00,0.0,10.338,9.662,0.0,1.1,0.77,0.4464,47.9451
2025-02-09T23:00:00,0.0,10.219,9.781,0.0,1.1,0.77,0.4519,40.1526
2025-02-10T00:00:00,0.0,10.457,9.543,0.0,1.1,0.77,0.4409,38.1352
2025-02-10T01:00:00,0.0,10.807,9.193,0.0,1.1,0.77,0.4247,37.2331
2025-02-10T02:00:00,0.0,11.363,8.637,0.0,1.1,0.77,0.399,36.6673
2025-02-10T03:00:00,0.0,12.088,7.912,0.0,1.1,0.77,0.3655,38.3847
2025-02-10T04:00:00,0.0,12.932,7.068,0.0,1.1,0.77,0.3266,37.9683
2025-02-10T05:00:00,0.0,13.838,6.162,0.0,1.1,0.77,0.2847,36.384
2025-02-10T06:00:00,0.0,14.744,5.256,0.0,1.1,0.77,0.2428,35.7714
2025-02-10T07:00:00,0.0,15.588,4.412,0.0,1.1,0.77,0.2038,35.5455
2025-02-10T08:00:00,38.391,16.313,3.687,1.0,1.1,1.1,1.473,43.2068
2025-02-10T09:00:00,70.86,16.869,3.131,1.0,1.1,1.1,2.0,58.1175
2025-02-10T10:00:00,83.534,17.218,2.782,1.0,1.1,1.1,2.0,66.3366
2025-02-10T11:00:00,78.682,17.338,2.662,1.0,1.1,1.1,2.0,69.3479
2025-02-10T12:00:00,107.915,17.218,2.782,1.0,1.1,1.1,2.0,75.6015
2025-02-10T13:00:00,126.372,16.869,3.131,1.0,1.1,1.1,2.0,81.2579
2025-02-10T14:00:00,127.818,16.313,3.687,1.0,1.1,1.1,2.0,83.8371
2025-02-10T15:00:00,133.821,15.588,4.412,1.0,1.1,1.1,2.0,84.9765
2025-02-10T16:00:00,131.002,14.744,5.256,1.0,1.1,1.1,2.0,87.452
2025-02-10T17:00:00,120.485,13.838,6.162,1.0,1.1,1.1,2.0,92.9341
2025-02-10T18:00:00,105.683,12.932,7.068,1.0,1.1,1.1,2.0,93.7164
2025-02-10T19:00:00,92.615,12.088,7.912,1.0,1.1,1.1,2.0,90.5063
2025-02-10T20:00:00,76.739,11.363,8.637,1.0,1.1,1.1,2.0,91.589
2025-02-10T21:00:00,55.472,10.807,9.193,1.0,1.1,1.1,2.0,95.6163
2025-02-10T22:00:00,0.0,10.457,9.543,0.0,1.1,0.77,0.4409,79.5689
2025-02-10T23:00:00,0.0,10.338,9.662,0.0,1.1,0.77,0.4464,65.7332
2025-02-11T00:00:00,0.0,10.574,9.426,0.0,1.1,0.77,0.4355,57.9181
2025-02-11T01:00:00,0.0,10.924,9.076,0.0,1.1,0.77,0.4193,49.4129
2025-02-11T02:00:00,0.0,11.48,8.52,0.0,1.1,0.77,0.3936,38.5057
2025-02-11T03:00:00,0.0,12.205,7.795,0.0,1.1,0.77,0.3601,34.6343
2025-02-11T04:00:00,0.0,13.049,6.951,0.0,1.1,0.77,0.3211,32.3878
2025-02-11T05:00:00,0.0,13.955,6.045,0.0,1.1,0.77,0.2793,31.0338
2025-02-11T06:00:00,0.0,14.861,5.139,0.0,1.1,0.77,0.2374,25.4917
2025-02-11T07:00:00,0.0,15.705,4.295,0.0,1.1,0.77,0.1984,22.2937
2025-02-11T08:00:00,40.002,16.43,3.57,1.0,1.1,1.1,1.5007,38.0249
2025-02-11T09:00:00,78.631,16.986,3.014,1.0,1.1,1.1,2.0,48.1569
2025-02-11T10:00:00,77.972,17.335,2.665,1.0,1.1,1.1,2.0,56.6427
2025-02-11T11:00:00,106.485,17.455,2.545,1.0,1.1,1.1,2.0,66.5467
2025-02-11T12:00:00,112.842,17.335,2.665,1.0,1.1,1.1,2.0,74.8441
2025-02-11T13:00:00,130.254,16.986,3.014,1.0,1.1,1.1,2.0,81.8088
2025-02-11T14:00:00,148.548,16.43,3.57,1.0,1.1,1.1,2.0,81.7712
2025-02-11T15:00:00,133.957,15.705,4.295,1.0,1.1,1.1,2.0,88.4824
2025-02-11T16:00:00,137.182,14.861,5.139,1.0,1.1,1.1,2.0,90.0313
2025-02-11T17:00:00,128.039,13.955,6.045,1.0,1.1,1.1,2.0,89.3023
2025-02-11T18:00:00,108.247,13.049,6.951,1.0,1.1,1.1,2.0,90.674
2025-02-11T19:00:00,96.299,12.205,7.795,1.0,1.1,1.1,2.0,89.257
2025-02-11T20:00:00,60.459,11.48,8.52,1.0,1.1,1.1,2.0,89.7444
2025-02-11T21:00:00,37.88,10.924,9.076,1.0,1.1,1.1,1.8174,93.6122
2025-02-11T22:00:00,0.0,10.574,9.426,0.0,1.1,0.77,0.4355,81.076
2025-02-11T23:00:00,0.0,10.455,9.545,0.0,1.1,0.77,0.441,68.2358
2025-02-12T00:00:00,0.0,10.689,9.311,0.0,1.1,0.77,0.4302,61.8559
2025-02-12T01:00:00,0.0,11.039,8.961,0.0,1.1,0.77,0.414,54.7184
2025-02-12T02:00:00,0.0,11.595,8.405,0.0,1.1,0.77,0.3883,45.0491
2025-02-12T03:00:00,0.0,12.32,7.68,0.0,1.1,0.77,0.3548,38.4466
2025-02-12T04:00:00,0.0,13.164,6.836,0.0,1.1,0.77,0.3158,36.6792
2025-02-12T05:00:00,0.0,14.07,5.93,0.0,1.1,0.77,0.274,34.4057
2025-02-12T06:00:00,0.0,14.976,5.024,0.0,1.1,0.77,0.2321,34.3236
2025-02-12T07:00:00,0.0,15.82,4.18,0.0,1.1,0.77,0.1931,30.8445
2025-02-12T08:00:00,42.148,16.545,3.455,1.0,1.1,1.1,1.5403,36.5752
2025-02-12T09:00:00,54.571,17.101,2.899,1.0,1.1,1.1,1.7769,51.8417
2025-02-12T10:00:00,80.516,17.451,2.549,1.0,1.1,1.1,2.0,59.8945
2025-02-12T11:00:00,104.784,17.57,2.43,1.0,1.1,1.1,2.0,69.592
2025-02-12T12:00:00,131.557,17.451,2.549,1.0,1.1,1.1,2.0,77.9979
2025-02-12T13:00:00,114.966,17.101,2.899,1.0,1.1,1.1,2.0,84.2441
2025-02-12T14:00:00,118.953,16.545,3.455,1.0,1.1,1.1,2.0,92.0389
2025-02-12T15:00:00,134.612,15.82,4.18,1.0,1.1,1.1,2.0,92.3284
2025-02-12T16:00:00,138.499,14.976,5.024,1.0,1.1,1.1,2.0,90.6709
2025-02-12T17:00:00,112.691,14.07,5.93,1.0,1.1,1.1,2.0,87.6776
2025-02-12T18:00:00,116.126,13.164,6.836,1.0,1.1,1.1,2.0,90.1136
2025-02-12T19:00:00,86.235,12.32,7.68,1.0,1.1,1.1,2.0,91.334
2025-02-12T20:00:00,72.145,11.595,8.405,1.0,1.1,1.1,2.0,95.3492
2025-02-12T21:00:00,27.93,11.039,8.961,1.0,1.1,1.1,1.5909,93.6605
2025-02-12T22:00:00,0.0,10.689,9.311,0.0,1.1,0.77,0.4302,79.29
2025-02-12T23:00:00,0.0,10.57,9.43,0.0,1.1,0.77,0.4357,64.7356
2025-02-13T00:00:00,0.0,10.803,9.197,0.0,1.1,0.77,0.4249,55.0016
2025-02-13T01:00:00,0.0,11.152,8.848,0.0,1.1,0.77,0.4088,48.4668
2025-02-13T02:00:00,0.0,11.709,8.291,0.0,1.1,0.77,0.3831,49.9737
2025-02-13T03:00:00,0.0,12.433,7.567,0.0,1.1,0.77,0.3496,41.2646
2025-02-13T04:00:00,0.0,13.278,6.722,0.0,1.1,0.77,0.3106,37.6853
2025-02-13T05:00:00,0.0,14.183,5.817,0.0,1.1,0.77,0.2687,34.3568
2025-02-13T06:00:00,0.0,15.089,4.911,0.0,1.1,0.77,0.2269,31.2794
2025-02-13T07:00:00,0.0,15.933,4.067,0.0,1.1,0.77,0.1879,23.1803
2025-02-13T08:00:00,29.87,16.658,3.342,1.0,1.1,1.1,1.2627,33.6934
2025-02-13T09:00:00,51.911,17.215,2.785,1.0,1.1,1.1,1.7109,37.4569
2025-02-13T10:00:00,73.548,17.564,2.436,1.0,1.1,1.1,2.0,45.1272
2025-02-13T11:00:00,105.993,17.683,2.317,1.0,1.1,1.1,2.0,57.8637
2025-02-13T12:00:00,93.325,17.564,2.436,1.0,1.1,1.1,2.0,67.5644
2025-02-13T13:00:00,128.334,17.215,2.785,1.0,1.1,1.1,2.0,76.4709
2025-02-13T14:00:00,135.634,16.658,3.342,1.0,1.1,1.1,2.0,77.5728
2025-02-13T15:00:00,123.87,15.933,4.067,1.0,1.1,1.1,2.0,77.8685
2025-02-13T16:00:00,140.303,15.089,4.911,1.0,1.1,1.1,2.0,82.7193
2025-02-13T17:00:00,126.527,14.183,5.817,1.0,1.1,1.1,2.0,88.9998
2025-02-13T18:00:00,114.903,13.278,6.722,1.0,1.1,1.1,2.0,94.4817
2025-02-13T19:00:00,90.139,12.433,7.567,1.0,1.1,1.1,2.0,91.406
2025-02-13T20:00:00,77.218,11.709,8.291,1.0,1.1,1.1,2.0,90.845
2025-02-13T21:00:00,45.523,11.152,8.848,1.0,1.1,1.1,1.9705,94.117
2025-02-13T22:00:00,0.0,10.803,9.197,0.0,1.1,0.77,0.4249,78.9007
2025-02-13T23:00:00,0.0,10.683,9.317,0.0,1.1,0.77,0.4304,63.8987
2025-02-14T00:00:00,0.0,10.914,9.086,0.0,1.1,0.77,0.4198,54.9626
2025-02-14T01:00:00,0.0,11.264,8.736,0.0,1.1,0.77,0.4036,46.373
2025-02-14T02:00:00,0.0,11.82,8.18,0.0,1.1,0.77,0.3779,39.0598
2025-02-14T03:00:00,0.0,12.545,7.455,0.0,1.1,0.77,0.3444,34.4765
2025-02-14T04:00:00,0.0,13.389,6.611,0.0,1.1,0.77,0.3054,26.1971
2025-02-14T05:00:00,0.0,14.295,5.705,0.0,1.1,0.77,0.2636,20.2749
2025-02-14T06:00:00,0.0,15.201,4.799,0.0,1.1,0.77,0.2217,18.6183
2025-02-14T07:00:00,0.0,16.045,3.955,0.0,1.1,0.77,0.1827,20.6046
2025-02-14T08:00:00,32.97,16.77,3.23,1.0,1.1,1.1,1.3235,36.5306
2025-02-14T09:00:00,57.903,17.326,2.674,1.0,1.1,1.1,1.8353,45.359
2025-02-14T10:00:00,70.576,17.676,2.324,1.0,1.1,1.1,2.0,54.0901
2025-02-14T11:00:00,104.947,17.795,2.205,1.0,1.1,1.1,2.0,64.0616
2025-02-14T12:00:00,111.157,17.676,2.324,1.0,1.1,1.1,2.0,69.4373
2025-02-14T13:00:00,123.25,17.326,2.674,1.0,1.1,1.1,2.0,69.7599
2025-02-14T14:00:00,134.149,16.77,3.23,1.0,1.1,1.1,2.0,76.6602
2025-02-14T15:00:00,136.219,16.045,3.955,1.0,1.1,1.1,2.0,78.7128
2025-02-14T16:00:00,146.01,15.201,4.799,1.0,1.1,1.1,2.0,85.2853
2025-02-14T17:00:00,135.612,14.295,5.705,1.0,1.1,1.1,2.0,89.8548
2025-02-14T18:00:00,115.484,13.389,6.611,1.0,1.1,1.1,2.0,92.3109
2025-02-14T19:00:00,73.417,12.545,7.455,1.0,1.1,1.1,2.0,90.33
2025-02-14T20:00:00,69.139,11.82,8.18,1.0,1.1,1.1,2.0,90.0603
2025-02-14T21:00:00,52.738,11.264,8.736,1.0,1.1,1.1,2.0,92.6558
2025-02-14T22:00:00,0.0,10.914,9.086,0.0,1.1,0.77,0.4198,74.6346
2025-02-14T23:00:00,0.0,10.795,9.205,0.0,1.1,0.77,0.4253,63.3012
2025-02-15T00:00:00,0.0,11.024,8.976,0.0,1.1,0.77,0.4147,52.8903
2025-02-15T01:00:00,0.0,11.374,8.626,0.0,1.1,0.77,0.3985,43.5061
2025-02-15T02:00:00,0.0,11.93,8.07,0.0,1.1,0.77,0.3728,40.2692
2025-02-15T03:00:00,0.0,12.655,7.345,0.0,1.1,0.77,0.3393,38.4096
2025-02-15T04:00:00,0.0,13.499,6.501,0.0,1.1,0.77,0.3003,31.3381
2025-02-15T05:00:00,0.0,14.405,5.595,0.0,1.1,0.77,0.2585,32.3109
2025-02-15T06:00:00,0.0,15.311,4.689,0.0,1.1,0.77,0.2166,27.7858
2025-02-15T07:00:00,0.0,16.155,3.845,0.0,1.1,0.77,0.1776,26.7591
2025-02-15T08:00:00,0.0,16.88,3.12,0.0,1.1,0.77,0.1442,19.6099
2025-02-15T09:00:00,0.0,17.436,2.564,0.0,1.1,0.77,0.1185,21.1347
2025-02-15T10:00:00,60.141,17.786,2.214,1.0,1.1,1.1,1.8542,40.8497
2025-02-15T11:00:00,70.931,17.905,2.095,1.0,1.1,1.1,2.0,60.5587
2025-02-15T12:00:00,71.505,17.786,2.214,1.0,1.1,1.1,2.0,64.5613
2025-02-15T13:00:00,72.508,17.436,2.564,1.0,1.1,1.1,2.0,70.2163
2025-02-15T14:00:00,102.714,16.88,3.12,1.0,1.1,1.1,2.0,73.3803
2025-02-15T15:00:00,93.087,16.155,3.845,1.0,1.1,1.1,2.0,73.2101
2025-02-15T16:00:00,83.819,15.311,4.689,1.0,1.1,1.1,2.0,79.0119
2025-02-15T17:00:00,75.034,14.405,5.595,1.0,1.1,1.1,2.0,82.7616
2025-02-15T18:00:00,0.0,13.499,6.501,0.0,1.1,0.77,0.3003,67.3387
2025-02-15T19:00:00,0.0,12.655,7.345,0.0,1.1,0.77,0.3393,60.2125
2025-02-15T20:00:00,0.0,11.93,8.07,0.0,1.1,0.77,0.3728,51.0589
2025-02-15T21:00:00,0.0,11.374,8.626,0.0,1.1,0.77,0.3985,43.7838
2025-02-15T22:00:00,0.0,11.024,8.976,0.0,1.1,0.77,0.4147,40.4867
2025-02-15T23:00:00,0.0,10.905,9.095,0.0,1.1,0.77,0.4202,39.4996
2025-02-16T00:00:00,0.0,11.132,8.868,0.0,1.1,0.77,0.4097,34.3288
2025-02-16T01:00:00,0.0,11.482,8.518,0.0,1.1,0.77,0.3935,35.5188
2025-02-16T02:00:00,0.0,12.038,7.962,0.0,1.1,0.77,0.3678,33.5395
2025-02-16T03:00:00,0.0,12.763,7.237,0.0,1.1,0.77,0.3344,27.4138
2025-02-16T04:00:00,0.0,13.607,6.393,0.0,1.1,0.77,0.2954,24.7047
2025-02-16T05:00:00,0.0,14.513,5.487,0.0,1.1,0.77,0.2535,21.6968
2025-02-16T06:00:00,0.0,15.419,4.581,0.0,1.1,0.77,0.2117,23.9614
2025-02-16T07:00:00,0.0,16.263,3.737,0.0,1.1,0.77,0.1727,20.5038
2025-02-16T08:00:00,0.0,16.988,3.012,0.0,1.1,0.77,0.1392,14.145
2025-02-16T09:00:00,0.0,17.544,2.456,0.0,1.1,0.77,0.1135,12.8309
2025-02-16T10:00:00,59.429,17.894,2.106,1.0,1.1,1.1,1.8315,27.5412
2025-02-16T11:00:00,58.514,18.013,1.987,1.0,1.1,1.1,1.8035,44.7195
2025-02-16T12:00:00,90.361,17.894,2.106,1.0,1.1,1.1,2.0,56.0861
2025-02-16T13:00:00,78.324,17.544,2.456,1.0,1.1,1.1,2.0,61.8517
2025-02-16T14:00:00,85.678,16.988,3.012,1.0,1.1,1.1,2.0,67.8633
2025-02-16T15:00:00,84.789,16.263,3.737,1.0,1.1,1.1,2.0,76.8695
2025-02-16T16:00:00,72.556,15.419,4.581,1.0,1.1,1.1,2.0,85.5298
2025-02-16T17:00:00,106.344,14.513,5.487,1.0,1.1,1.1,2.0,88.9205
2025-02-16T18:00:00,0.0,13.607,6.393,0.0,1.1,0.77,0.2954,74.0631
2025-02-16T19:00:00,0.0,12.763,7.237,0.0,1.1,0.77,0.3344,62.2987
2025-02-16T20:00:00,0.0,12.038,7.962,0.0,1.1,0.77,0.3678,54.0417
2025-02-16T21:00:00,0.0,11.482,8.518,0.0,1.1,0.77,0.3935,45.2547
2025-02-16T22:00:00,0.0,11.132,8.868,0.0,1.1,0.77,0.4097,39.5015
2025-02-16T23:00:00,0.0,11.013,8.987,0.0,1.1,0.77,0.4152,33.3726
2025-02-17T00:00:00,0.0,11.238,8.762,0.0,1.1,0.77,0.4048,30.5913
2025-02-17T01:00:00,0.0,11.588,8.412,0.0,1.1,0.77,0.3886,30.5384
2025-02-17T02:00:00,0.0,12.144,7.856,0.0,1.1,0.77,0.363,25.6488
2025-02-17T03:00:00,0.0,12.869,7.131,0.0,1.1,0.77,0.3295,21.5504
2025-02-17T04:00:00,0.0,13.713,6.287,0.0,1.1,0.77,0.2905,23.2986
2025-02-17T05:00:00,0.0,14.619,5.381,0.0,1.1,0.77,0.2486,18.6399
2025-02-17T06:00:00,0.0,15.525,4.475,0.0,1.1,0.77,0.2068,16.0083
2025-02-17T07:00:00,0.0,16.369,3.631,0.0,1.1,0.77,0.1678,12.4482
2025-02-17T08:00:00,34.807,17.094,2.906,1.0,1.1,1.1,1.3426,31.3613
2025-02-17T09:00:00,42.464,17.65,2.35,1.0,1.1,1.1,1.4743,42.2304
2025-02-17T10:00:00,77.449,17.999,2.001,1.0,1.1,1.1,2.0,57.4658
2025-02-17T11:00:00,96.988,18.119,1.881,1.0,1.1,1.1,2.0,64.0832
2025-02-17T12:00:00,104.17,17.999,2.001,1.0,1.1,1.1,2.0,74.1098
2025-02-17T13:00:00,128.145,17.65,2.35,1.0,1.1,1.1,2.0,82.7749
2025-02-17T14:00:00,139.07,17.094,2.906,1.0,1.1,1.1,2.0,88.5916
2025-02-17T15:00:00,136.215,16.369,3.631,1.0,1.1,1.1,2.0,87.5902
2025-02-17T16:00:00,135.33,15.525,4.475,1.0,1.1,1.1,2.0,86.339
2025-02-17T17:00:00,112.915,14.619,5.381,1.0,1.1,1.1,2.0,85.9505
2025-02-17T18:00:00,107.078,13.713,6.287,1.0,1.1,1.1,2.0,84.3827
2025-02-17T19:00:00,90.25,12.869,7.131,1.0,1.1,1.1,2.0,85.2615
2025-02-17T20:00:00,66.608,12.144,7.856,1.0,1.1,1.1,2.0,84.0291
2025-02-17T21:00:00,63.684,11.588,8.412,1.0,1.1,1.1,2.0,85.1339
2025-02-17T22:00:00,0.0,11.238,8.762,0.0,1.1,0.77,0.4048,73.5322
2025-02-17T23:00:00,0.0,11.119,8.881,0.0,1.1,0.77,0.4103,62.215
2025-02-18T00:00:00,0.0,11.342,8.658,0.0,1.1,0.77,0.4,51.7282
2025-02-18T01:00:00,0.0,11.692,8.308,0.0,1.1,0.77,0.3838,44.6447
2025-02-18T02:00:00,0.0,12.248,7.752,0.0,1.1,0.77,0.3581,38.5664
2025-02-18T03:00:00,0.0,12.973,7.027,0.0,1.1,0.77,0.3247,36.974
2025-02-18T04:00:00,0.0,13.817,6.183,0.0,1.1,0.77,0.2857,31.3385
2025-02-18T05:00:00,0.0,14.723,5.277,0.0,1.1,0.77,0.2438,29.2366
2025-02-18T06:00:00,0.0,15.629,4.371,0.0,1.1,0.77,0.202,22.3847
2025-02-18T07:00:00,0.0,16.473,3.527,0.0,1.1,0.77,0.163,19.6948
2025-02-18T08:00:00,33.823,17.198,2.802,1.0,1.1,1.1,1.3141,31.4814
2025-02-18T09:00:00,43.423,17.754,2.246,1.0,1.1,1.1,1.4886,38.6869
2025-02-18T10:00:00,77.933,18.103,1.897,1.0,1.1,1.1,2.0,52.9442
2025-02-18T11:00:00,95.747,18.223,1.777,1.0,1.1,1.1,2.0,68.6083
2025-02-18T12:00:00,117.663,18.103,1.897,1.0,1.1,1.1,2.0,76.7425
2025-02-18T13:00:00,112.284,17.754,2.246,1.0,1.1,1.1,2.0,78.6008
2025-02-18T14:00:00,138.56,17.198,2.802,1.0,1.1,1.1,2.0,81.1088
2025-02-18T15:00:00,140.263,16.473,3.527,1.0,1.1,1.1,2.0,85.86
2025-02-18T16:00:00,143.514,15.629,4.371,1.0,1.1,1.1,2.0,89.3728
2025-02-18T17:00:00,117.388,14.723,5.277,1.0,1.1,1.1,2.0,90.5378
2025-02-18T18:00:00,115.657,13.817,6.183,1.0,1.1,1.1,2.0,90.8313
2025-02-18T19:00:00,81.044,12.973,7.027,1.0,1.1,1.1,2.0,90.7046
2025-02-18T20:00:00,56.249,12.248,7.752,1.0,1.1,1.1,2.0,96.0491
2025-02-18T21:00:00,66.648,11.692,8.308,1.0,1.1,1.1,2.0,97.6604
2025-02-18T22:00:00,0.0,11.342,8.658,0.0,1.1,0.77,0.4,81.5615
2025-02-18T23:00:00,0.0,11.223,8.777,0.0,1.1,0.77,0.4055,66.7083
2025-02-19T00:00:00,0.0,11.444,8.556,0.0,1.1,0.77,0.3953,53.1585
2025-02-19T01:00:00,0.0,11.794,8.206,0.0,1.1,0.77,0.3791,45.5113
2025-02-19T02:00:00,0.0,12.35,7.65,0.0,1.1,0.77,0.3534,40.9591
2025-02-19T03:00:00,0.0,13.075,6.925,0.0,1.1,0.77,0.3199,38.6855
2025-02-19T04:00:00,0.0,13.919,6.081,0.0,1.1,0.77,0.2809,31.9809
2025-02-19T05:00:00,0.0,14.825,5.175,0.0,1.1,0.77,0.2391,29.5507
2025-02-19T06:00:00,0.0,15.731,4.269,0.0,1.1,0.77,0.1972,26.9542
2025-02-19T07:00:00,0.0,16.575,3.425,0.0,1.1,0.77,0.1582,25.6874
2025-02-19T08:00:00,24.89,17.3,2.7,1.0,1.1,1.1,1.1108,28.7844
2025-02-19T09:00:00,57.63,17.856,2.144,1.0,1.1,1.1,1.7944,43.2465
2025-02-19T10:00:00,69.558,18.205,1.795,1.0,1.1,1.1,2.0,53.784
2025-02-19T11:00:00,95.132,18.325,1.675,1.0,1.1,1.1,2.0,59.1261
2025-02-19T12:00:00,117.154,18.205,1.795,1.0,1.1,1.1,2.0,64.912
2025-02-19T13:00:00,105.282,17.856,2.144,1.0,1.1,1.1,2.0,79.7539
2025-02-19T14:00:00,140.459,17.3,2.7,1.0,1.1,1.1,2.0,80.5563
2025-02-19T15:00:00,130.026,16.575,3.425,1.0,1.1,1.1,2.0,79.8607
2025-02-19T16:00:00,126.952,15.731,4.269,1.0,1.1,1.1,2.0,78.2598
2025-02-19T17:00:00,122.443,14.825,5.175,1.0,1.1,1.1,2.0,80.5102
2025-02-19T18:00:00,95.715,13.919,6.081,1.0,1.1,1.1,2.0,80.8473
2025-02-19T19:00:00,99.049,13.075,6.925,1.0,1.1,1.1,2.0,80.6496
2025-02-19T20:00:00,69.17,12.35,7.65,1.0,1.1,1.1,2.0,86.3677
2025-02-19T21:00:00,55.193,11.794,8.206,1.0,1.1,1.1,2.0,92.4871
2025-02-19T22:00:00,0.0,11.444,8.556,0.0,1.1,0.77,0.3953,77.2534
2025-02-19T23:00:00,0.0,11.325,8.675,0.0,1.1,0.77,0.4008,64.2034
2025-02-20T00:00:00,0.0,11.544,8.456,0.0,1.1,0.77,0.3907,56.3249
2025-02-20T01:00:00,0.0,11.894,8.106,0.0,1.1,0.77,0.3745,46.4237
2025-02-20T02:00:00,0.0,12.45,7.55,0.0,1.1,0.77,0.3488,45.755
2025-02-20T03:00:00,0.0,13.175,6.825,0.0,1.1,0.77,0.3153,36.0245
2025-02-20T04:00:00,0.0,14.019,5.981,0.0,1.1,0.77,0.2763,28.5611
2025-02-20T05:00:00,0.0,14.925,5.075,0.0,1.1,0.77,0.2345,27.9071
2025-02-20T06:00:00,0.0,15.831,4.169,0.0,1.1,0.77,0.1926,20.6534
2025-02-20T07:00:00,0.0,16.675,3.325,0.0,1.1,0.77,0.1536,20.849
2025-02-20T08:00:00,38.62,17.4,2.6,1.0,1.1,1.1,1.4063,32.6677
2025-02-20T09:00:00,61.373,17.956,2.044,1.0,1.1,1.1,1.8701,43.9026
2025-02-20T10:00:00,61.951,18.305,1.695,1.0,1.1,1.1,1.8598,54.264
2025-02-20T11:00:00,94.593,18.425,1.575,1.0,1.1,1.1,2.0,61.2781
2025-02-20T12:00:00,128.314,18.305,1.695,1.0,1.1,1.1,2.0,69.3374
2025-02-20T13:00:00,134.307,17.956,2.044,1.0,1.1,1.1,2.0,71.5845
2025-02-20T14:00:00,132.071,17.4,2.6,1.0,1.1,1.1,2.0,77.1424
2025-02-20T15:00:00,132.88,16.675,3.325,1.0,1.1,1.1,2.0,80.6512
2025-02-20T16:00:00,132.212,15.831,4.169,1.0,1.1,1.1,2.0,81.2402
2025-02-20T17:00:00,131.754,14.925,5.075,1.0,1.1,1.1,2.0,82.9671
2025-02-20T18:00:00,90.162,14.019,5.981,1.0,1.1,1.1,2.0,84.6381
2025-02-20T19:00:00,108.923,13.175,6.825,1.0,1.1,1.1,2.0,85.8687
2025-02-20T20:00:00,81.122,12.45,7.55,1.0,1.1,1.1,2.0,89.4744
2025-02-20T21:00:00,46.31,11.894,8.106,1.0,1.1,1.1,1.9388,92.1685
2025-02-20T22:00:00,0.0,11.544,8.456,0.0,1.1,0.77,0.3907,80.8425
2025-02-20T23:00:00,0.0,11.425,8.575,0.0,1.1,0.77,0.3962,67.6088
2025-02-21T00:00:00,0.0,11.642,8.358,0.0,1.1,0.77,0.3861,56.938
2025-02-21T01:00:00,0.0,11.992,8.008,0.0,1.1,0.77,0.37,52.1511
2025-02-21T02:00:00,0.0,12.548,7.452,0.0,1.1,0.77,0.3443,47.3331
2025-02-21T03:00:00,0.0,13.273,6.727,0.0,1.1,0.77,0.3108,41.4309
2025-02-21T04:00:00,0.0,14.117,5.883,0.0,1.1,0.77,0.2718,36.0459
2025-02-21T05:00:00,0.0,15.023,4.977,0.0,1.1,0.77,0.23,32.1545
2025-02-21T06:00:00,0.0,15.929,4.071,0.0,1.1,0.77,0.1881,28.6961
2025-02-21T07:00:00,0.0,16.773,3.227,0.0,1.1,0.77,0.1491,23.1083
2025-02-21T08:00:00,35.343,17.498,2.502,1.0,1.1,1.1,1.3277,34.502
2025-02-21T09:00:00,61.039,18.054,1.946,1.0,1.1,1.1,1.8563,46.6292
2025-02-21T10:00:00,90.175,18.403,1.597,1.0,1.1,1.1,2.0,55.996
2025-02-21T11:00:00,106.455,18.523,1.477,1.0,1.1,1.1,2.0,67.9708
2025-02-21T12:00:00,105.622,18.403,1.597,1.0,1.1,1.1,2.0,70.0892
2025-02-21T13:00:00,120.527,18.054,1.946,1.0,1.1,1.1,2.0,81.0253
2025-02-21T14:00:00,144.237,17.498,2.502,1.0,1.1,1.1,2.0,84.4025
2025-02-21T15:00:00,133.087,16.773,3.227,1.0,1.1,1.1,2.0,92.5195
2025-02-21T16:00:00,142.625,15.929,4.071,1.0,1.1,1.1,2.0,93.4376
2025-02-21T17:00:00,130.945,15.023,4.977,1.0,1.1,1.1,2.0,93.8609
2025-02-21T18:00:00,120.782,14.117,5.883,1.0,1.1,1.1,2.0,96.3803
2025-02-21T19:00:00,109.532,13.273,6.727,1.0,1.1,1.1,2.0,96.4723
2025-02-21T20:00:00,67.307,12.548,7.452,1.0,1.1,1.1,2.0,98.0871
2025-02-21T21:00:00,37.055,11.992,8.008,1.0,1.1,1.1,1.7288,91.7667
2025-02-21T22:00:00,0.0,11.642,8.358,0.0,1.1,0.77,0.3861,75.6518
2025-02-21T23:00:00,0.0,11.523,8.477,0.0,1.1,0.77,0.3917,62.4021
2025-02-22T00:00:00,0.0,11.738,8.262,0.0,1.1,0.77,0.3817,53.1439
2025-02-22T01:00:00,0.0,12.087,7.913,0.0,1.1,0.77,0.3656,46.2589
2025-02-22T02:00:00,0.0,12.644,7.356,0.0,1.1,0.77,0.3399,41.2334
2025-02-22T03:00:00,0.0,13.369,6.631,0.0,1.1,0.77,0.3064,39.3598
2025-02-22T04:00:00,0.0,14.213,5.787,0.0,1.1,0.77,0.2674,35.7401
2025-02-22T05:00:00,0.0,15.119,4.881,0.0,1.1,0.77,0.2255,29.198
2025-02-22T06:00:00,0.0,16.024,3.976,0.0,1.1,0.77,0.1837,19.9347
2025-02-22T07:00:00,0.0,16.869,3.131,0.0,1.1,0.77,0.1447,21.3438
2025-02-22T08:00:00,0.0,17.593,2.407,0.0,1.1,0.77,0.1112,20.9707
2025-02-22T09:00:00,0.0,18.15,1.85,0.0,1.1,0.77,0.0855,15.7805
2025-02-22T10:00:00,47.024,18.499,1.501,1.0,1.1,1.1,1.5186,29.4414
2025-02-22T11:00:00,63.021,18.619,1.381,1.0,1.1,1.1,1.8626,45.6277
2025-02-22T12:00:00,70.24,18.499,1.501,1.0,1.1,1.1,2.0,57.3226
2025-02-22T13:00:00,95.844,18.15,1.85,1.0,1.1,1.1,2.0,65.0157
2025-02-22T14:00:00,87.861,17.593,2.407,1.0,1.1,1.1,2.0,70.9934
2025-02-22T15:00:00,89.68,16.869,3.131,1.0,1.1,1.1,2.0,81.6674
2025-02-22T16:00:00,81.738,16.024,3.976,1.0,1.1,1.1,2.0,83.6097
2025-02-22T17:00:00,84.343,15.119,4.881,1.0,1.1,1.1,2.0,83.2416
2025-02-22T18:00:00,0.0,14.213,5.787,0.0,1.1,0.77,0.2674,69.852
2025-02-22T19:00:00,0.0,13.369,6.631,0.0,1.1,0.77,0.3064,62.6296
2025-02-22T20:00:00,0.0,12.644,7.356,0.0,1.1,0.77,0.3399,50.521
2025-02-22T21:00:00,0.0,12.087,7.913,0.0,1.1,0.77,0.3656,45.1648
2025-02-22T22:00:00,0.0,11.738,8.262,0.0,1.1,0.77,0.3817,44.1811
2025-02-22T23:00:00,0.0,11.619,8.381,0.0,1.1,0.77,0.3872,43.4653
2025-02-23T00:00:00,0.0,11.832,8.168,0.0,1.1,0.77,0.3774,39.7771
2025-02-23T01:00:00,0.0,12.181,7.819,0.0,1.1,0.77,0.3612,36.2841
2025-02-23T02:00:00,0.0,12.737,7.263,0.0,1.1,0.77,0.3355,34.3719
2025-02-23T03:00:00,0.0,13.462,6.538,0.0,1.1,0.77,0.302,35.2067
2025-02-23T04:00:00,0.0,14.306,5.694,0.0,1.1,0.77,0.263,30.402
2025-02-23T05:00:00,0.0,15.212,4.788,0.0,1.1,0.77,0.2212,28.6965
2025-02-23T06:00:00,0.0,16.118,3.882,0.0,1.1,0.77,0.1793,25.7928
2025-02-23T07:00:00,0.0,16.962,3.038,0.0,1.1,0.77,0.1403,18.8653
2025-02-23T08:00:00,0.0,17.687,2.313,0.0,1.1,0.77,0.1069,16.7761
2025-02-23T09:00:00,0.0,18.243,1.757,0.0,1.1,0.77,0.0812,13.3849
2025-02-23T10:00:00,40.309,18.593,1.407,1.0,1.1,1.1,1.3647,26.9122
2025-02-23T11:00:00,60.13,18.712,1.288,1.0,1.1,1.1,1.7929,42.5963
2025-02-23T12:00:00,84.206,18.593,1.407,1.0,1.1,1.1,2.0,57.3303
2025-02-23T13:00:00,67.53,18.243,1.757,1.0,1.1,1.1,1.9866,67.2638
2025-02-23T14:00:00,77.516,17.687,2.313,1.0,1.1,1.1,2.0,72.4885
2025-02-23T15:00:00,108.957,16.962,3.038,1.0,1.1,1.1,2.0,76.8273
2025-02-23T16:00:00,93.26,16.118,3.882,1.0,1.1,1.1,2.0,81.5202
2025-02-23T17:00:00,83.093,15.212,4.788,1.0,1.1,1.1,2.0,81.0284
2025-02-23T18:00:00,0.0,14.306,5.694,0.0,1.1,0.77,0.263,65.5224
2025-02-23T19:00:00,0.0,13.462,6.538,0.0,1.1,0.77,0.302,63.1457
2025-02-23T20:00:00,0.0,12.737,7.263,0.0,1.1,0.77,0.3355,55.5246
2025-02-23T21:00:00,0.0,12.181,7.819,0.0,1.1,0.77,0.3612,53.6457
2025-02-23T22:00:00,0.0,11.832,8.168,0.0,1.1,0.77,0.3774,48.7249
2025-02-23T23:00:00,0.0,11.712,8.288,0.0,1.1,0.77,0.3829,41.9156
2025-02-24T00:00:00,0.0,11.923,8.077,0.0,1.1,0.77,0.3732,42.6491
2025-02-24T01:00:00,0.0,12.273,7.727,0.0,1.1,0.77,0.357,33.379
2025-02-24T02:00:00,0.0,12.829,7.171,0.0,1.1,0.77,0.3313,28.8814
2025-02-24T03:00:00,0.0,13.554,6.446,0.0,1.1,0.77,0.2978,24.1484
2025-02-24T04:00:00,0.0,14.398,5.602,0.0,1.1,0.77,0.2588,21.1798
2025-02-24T05:00:00,0.0,15.304,4.696,0.0,1.1,0.77,0.217,19.4326
2025-02-24T06:00:00,0.0,16.21,3.79,0.0,1.1,0.77,0.1751,18.3045
2025-02-24T07:00:00,0.0,17.054,2.946,0.0,1.1,0.77,0.1361,15.5454
2025-02-24T08:00:00,41.211,17.779,2.221,1.0,1.1,1.1,1.4383,31.7538
2025-02-24T09:00:00,52.922,18.335,1.665,1.0,1.1,1.1,1.6592,46.8472
2025-02-24T10:00:00,86.617,18.685,1.315,1.0,1.1,1.1,2.0,58.6359
2025-02-24T11:00:00,90.731,18.804,1.196,1.0,1.1,1.1,2.0,62.1098
2025-02-24T12:00:00,109.87,18.685,1.315,1.0,1.1,1.1,2.0,68.5316
2025-02-24T13:00:00,127.541,18.335,1.665,1.0,1.1,1.1,2.0,75.0619
2025-02-24T14:00:00,123.556,17.779,2.221,1.0,1.1,1.1,2.0,76.2425
2025-02-24T15:00:00,142.683,17.054,2.946,1.0,1.1,1.1,2.0,78.5126
2025-02-24T16:00:00,120.569,16.21,3.79,1.0,1.1,1.1,2.0,81.2565
2025-02-24T17:00:00,117.299,15.304,4.696,1.0,1.1,1.1,2.0,85.5402
2025-02-24T18:00:00,110.935,14.398,5.602,1.0,1.1,1.1,2.0,90.3103
2025-02-24T19:00:00,93.72,13.554,6.446,1.0,1.1,1.1,2.0,90.3556
2025-02-24T20:00:00,87.893,12.829,7.171,1.0,1.1,1.1,2.0,93.6967
2025-02-24T21:00:00,50.388,12.273,7.727,1.0,1.1,1.1,2.0,95.5992
2025-02-24T22:00:00,0.0,11.923,8.077,0.0,1.1,0.77,0.3732,76.1812
2025-02-24T23:00:00,0.0,11.804,8.196,0.0,1.1,0.77,0.3787,62.1025
2025-02-25T00:00:00,0.0,12.013,7.987,0.0,1.1,0.77,0.369,54.0796
2025-02-25T01:00:00,0.0,12.362,7.638,0.0,1.1,0.77,0.3529,42.3015
2025-02-25T02:00:00,0.0,12.918,7.082,0.0,1.1,0.77,0.3272,35.2143
2025-02-25T03:00:00,0.0,13.643,6.357,0.0,1.1,0.77,0.2937,35.4317
2025-02-25T04:00:00,0.0,14.487,5.513,0.0,1.1,0.77,0.2547,33.5383
2025-02-25T05:00:00,0.0,15.393,4.607,0.0,1.1,0.77,0.2128,26.9072
2025-02-25T06:00:00,0.0,16.299,3.701,0.0,1.1,0.77,0.171,29.6641
2025-02-25T07:00:00,0.0,17.143,2.857,0.0,1.1,0.77,0.132,26.2983
2025-02-25T08:00:00,34.573,17.868,2.132,1.0,1.1,1.1,1.2863,32.7974
2025-02-25T09:00:00,58.741,18.424,1.576,1.0,1.1,1.1,1.7813,44.368
2025-02-25T10:00:00,75.46,18.774,1.226,1.0,1.1,1.1,2.0,55.6375
2025-02-25T11:00:00,92.568,18.893,1.107,1.0,1.1,1.1,2.0,62.0405
2025-02-25T12:00:00,112.562,18.774,1.226,1.0,1.1,1.1,2.0,70.6672
2025-02-25T13:00:00,121.864,18.424,1.576,1.0,1.1,1.1,2.0,75.3145
2025-02-25T14:00:00,142.947,17.868,2.132,1.0,1.1,1.1,2.0,75.4534
2025-02-25T15:00:00,130.041,17.143,2.857,1.0,1.1,1.1,2.0,79.1431
2025-02-25T16:00:00,117.609,16.299,3.701,1.0,1.1,1.1,2.0,82.9394
2025-02-25T17:00:00,120.473,15.393,4.607,1.0,1.1,1.1,2.0,85.1093
2025-02-25T18:00:00,105.113,14.487,5.513,1.0,1.1,1.1,2.0,89.7476
2025-02-25T19:00:00,95.166,13.643,6.357,1.0,1.1,1.1,2.0,91.6467
2025-02-25T20:00:00,76.461,12.918,7.082,1.0,1.1,1.1,2.0,98.5853
2025-02-25T21:00:00,52.741,12.362,7.638,1.0,1.1,1.1,2.0,96.4702
2025-02-25T22:00:00,0.0,12.013,7.987,0.0,1.1,0.77,0.369,77.9596
2025-02-25T23:00:00,0.0,11.893,8.107,0.0,1.1,0.77,0.3745,61.2249
2025-02-26T00:00:00,0.0,12.1,7.9,0.0,1.1,0.77,0.365,54.7993
2025-02-26T01:00:00,0.0,12.449,7.551,0.0,1.1,0.77,0.3488,50.4564
2025-02-26T02:00:00,0.0,13.006,6.994,0.0,1.1,0.77,0.3231,42.531
2025-02-26T03:00:00,0.0,13.731,6.269,0.0,1.1,0.77,0.2896,35.9164
2025-02-26T04:00:00,0.0,14.575,5.425,0.0,1.1,0.77,0.2507,33.3121
2025-02-26T05:00:00,0.0,15.481,4.519,0.0,1.1,0.77,0.2088,28.0539
2025-02-26T06:00:00,0.0,16.386,3.614,0.0,1.1,0.77,0.1669,25.5114
2025-02-26T07:00:00,0.0,17.231,2.769,0.0,1.1,0.77,0.1279,23.791
2025-02-26T08:00:00,30.829,17.955,2.045,1.0,1.1,1.1,1.1982,36.2818
2025-02-26T09:00:00,62.189,18.512,1.488,1.0,1.1,1.1,1.8514,49.7007
2025-02-26T10:00:00,77.724,18.861,1.139,1.0,1.1,1.1,2.0,57.1191
2025-02-26T11:00:00,99.157,18.981,1.019,1.0,1.1,1.1,2.0,64.7904
2025-02-26T12:00:00,94.17,18.861,1.139,1.0,1.1,1.1,2.0,71.1672
2025-02-26T13:00:00,120.24,18.512,1.488,1.0,1.1,1.1,2.0,71.4575
2025-02-26T14:00:00,131.194,17.955,2.045,1.0,1.1,1.1,2.0,76.0494
2025-02-26T15:00:00,136.857,17.231,2.769,1.0,1.1,1.1,2.0,79.0527
2025-02-26T16:00:00,135.673,16.386,3.614,1.0,1.1,1.1,2.0,84.7656
2025-02-26T17:00:00,114.584,15.481,4.519,1.0,1.1,1.1,2.0,89.3857
2025-02-26T18:00:00,102.472,14.575,5.425,1.0,1.1,1.1,2.0,91.5557
2025-02-26T19:00:00,98.3,13.731,6.269,1.0,1.1,1.1,2.0,93.4241
2025-02-26T20:00:00,77.756,13.006,6.994,1.0,1.1,1.1,2.0,92.6687
2025-02-26T21:00:00,63.193,12.449,7.551,1.0,1.1,1.1,2.0,98.2443
2025-02-26T22:00:00,0.0,12.1,7.9,0.0,1.1,0.77,0.365,75.7033
2025-02-26T23:00:00,0.0,11.981,8.019,0.0,1.1,0.77,0.3705,65.1847
2025-02-27T00:00:00,0.0,12.185,7.815,0.0,1.1,0.77,0.3611,52.9101
2025-02-27T01:00:00,0.0,12.534,7.466,0.0,1.1,0.77,0.3449,46.6897
2025-02-27T02:00:00,0.0,13.091,6.909,0.0,1.1,0.77,0.3192,41.9285
2025-02-27T03:00:00,0.0,13.816,6.184,0.0,1.1,0.77,0.2857,38.1783
2025-02-27T04:00:00,0.0,14.66,5.34,0.0,1.1,0.77,0.2467,34.204
2025-02-27T05:00:00,0.0,15.566,4.434,0.0,1.1,0.77,0.2049,31.2382
2025-02-27T06:00:00,0.0,16.471,3.529,0.0,1.1,0.77,0.163,28.3955
2025-02-27T07:00:00,0.0,17.316,2.684,0.0,1.1,0.77,0.124,24.2558
2025-02-27T08:00:00,32.359,18.04,1.96,1.0,1.1,1.1,1.2262,32.1841
2025-02-27T09:00:00,63.598,18.597,1.403,1.0,1.1,1.1,1.8768,45.3533
2025-02-27T10:00:00,82.144,18.946,1.054,1.0,1.1,1.1,2.0,57.898
2025-02-27T11:00:00,85.518,19.066,0.934,1.0,1.1,1.1,2.0,69.1641
2025-02-27T12:00:00,93.027,18.946,1.054,1.0,1.1,1.1,2.0,73.0933
2025-02-27T13:00:00,126.312,18.597,1.403,1.0,1.1,1.1,2.0,77.0798
2025-02-27T14:00:00,127.183,18.04,1.96,1.0,1.1,1.1,2.0,84.3309
2025-02-27T15:00:00,119.484,17.316,2.684,1.0,1.1,1.1,2.0,84.9023
2025-02-27T16:00:00,126.509,16.471,3.529,1.0,1.1,1.1,2.0,83.5228
2025-02-27T17:00:00,119.729,15.566,4.434,1.0,1.1,1.1,2.0,85.0172
2025-02-27T18:00:00,111.716,14.66,5.34,1.0,1.1,1.1,2.0,90.2879
2025-02-27T19:00:00,97.347,13.816,6.184,1.0,1.1,1.1,2.0,91.7472
2025-02-27T20:00:00,57.668,13.091,6.909,1.0,1.1,1.1,2.0,92.7498
2025-02-27T21:00:00,62.369,12.534,7.466,1.0,1.1,1.1,2.0,88.2707
2025-02-27T22:00:00,0.0,12.185,7.815,0.0,1.1,0.77,0.3611,68.9306
2025-02-27T23:00:00,0.0,12.066,7.934,0.0,1.1,0.77,0.3666,58.2776
2025-02-28T00:00:00,0.0,12.268,7.732,0.0,1.1,0.77,0.3572,50.0232
2025-02-28T01:00:00,0.0,12.617,7.383,0.0,1.1,0.77,0.3411,43.1526
2025-02-28T02:00:00,0.0,13.173,6.827,0.0,1.1,0.77,0.3154,44.6843
2025-02-28T03:00:00,0.0,13.898,6.102,0.0,1.1,0.77,0.2819,40.5255
2025-02-28T04:00:00,0.0,14.742,5.258,0.0,1.1,0.77,0.2429,36.5524
2025-02-28T05:00:00,0.0,15.648,4.352,0.0,1.1,0.77,0.201,32.6404
2025-02-28T06:00:00,0.0,16.554,3.446,0.0,1.1,0.77,0.1592,28.8386
2025-02-28T07:00:00,0.0,17.398,2.602,0.0,1.1,0.77,0.1202,22.7906
2025-02-28T08:00:00,49.109,18.123,1.877,1.0,1.1,1.1,1.5893,35.6631
2025-02-28T09:00:00,48.617,18.679,1.321,1.0,1.1,1.1,1.5417,43.72
2025-02-28T10:00:00,67.549,19.029,0.971,1.0,1.1,1.1,1.9352,57.9852
2025-02-28T11:00:00,90.754,19.148,0.852,1.0,1.1,1.1,2.0,69.101
2025-02-28T12:00:00,110.401,19.029,0.971,1.0,1.1,1.1,2.0,72.9055
2025-02-28T13:00:00,118.751,18.679,1.321,1.0,1.1,1.1,2.0,77.6118
2025-02-28T14:00:00,128.264,18.123,1.877,1.0,1.1,1.1,2.0,82.1338
2025-02-28T15:00:00,128.977,17.398,2.602,1.0,1.1,1.1,2.0,85.1638
2025-02-28T16:00:00,143.167,16.554,3.446,1.0,1.1,1.1,2.0,89.7674
2025-02-28T17:00:00,120.985,15.648,4.352,1.0,1.1,1.1,2.0,91.517
2025-02-28T18:00:00,110.648,14.742,5.258,1.0,1.1,1.1,2.0,94.4407
2025-02-28T19:00:00,100.088,13.898,6.102,1.0,1.1,1.1,2.0,93.7467
2025-02-28T20:00:00,56.976,13.173,6.827,1.0,1.1,1.1,2.0,93.4351
2025-02-28T21:00:00,41.022,12.617,7.383,1.0,1.1,1.1,1.7747,91.4379
2025-02-28T22:00:00,0.0,12.268,7.732,0.0,1.1,0.77,0.3572,73.8592
2025-02-28T23:00:00,0.0,12.148,7.852,0.0,1.1,0.77,0.3627,59.9064
2025-03-01T00:00:00,0.0,12.348,7.652,0.0,1.1,0.77,0.3535,51.4911
2025-03-01T01:00:00,0.0,12.698,7.302,0.0,1.1,0.77,0.3374,46.4441
2025-03-01T02:00:00,0.0,13.254,6.746,0.0,1.1,0.77,0.3117,40.4768
2025-03-01T03:00:00,0.0,13.979,6.021,0.0,1.1,0.77,0.2782,33.2308
2025-03-01T04:00:00,0.0,14.823,5.177,0.0,1.1,0.77,0.2392,30.4138
2025-03-01T05:00:00,0.0,15.729,4.271,0.0,1.1,0.77,0.1973,25.4733
2025-03-01T06:00:00,0.0,16.635,3.365,0.0,1.1,0.77,0.1555,21.4697
2025-03-01T07:00:00,0.0,17.479,2.521,0.0,1.1,0.77,0.1165,17.3207
2025-03-01T08:00:00,0.0,18.204,1.796,0.0,1.1,0.77,0.083,7.0387
2025-03-01T09:00:00,0.0,18.76,1.24,0.0,1.1,0.77,0.0573,4.0234
2025-03-01T10:00:00,51.482,19.11,0.89,1.0,1.1,1.1,1.5764,17.4681
2025-03-01T11:00:00,65.837,19.229,0.771,1.0,1.1,1.1,1.8843,36.7668
2025-03-01T12:00:00,82.098,19.11,0.89,1.0,1.1,1.1,2.0,50.6474
2025-03-01T13:00:00,93.34,18.76,1.24,1.0,1.1,1.1,2.0,63.6069
2025-03-01T14:00:00,98.533,18.204,1.796,1.0,1.1,1.1,2.0,71.4324
2025-03-01T15:00:00,89.265,17.479,2.521,1.0,1.1,1.1,2.0,73.0416
2025-03-01T16:00:00,72.674,16.635,3.365,1.0,1.1,1.1,2.0,76.5067
2025-03-01T17:00:00,79.162,15.729,4.271,1.0,1.1,1.1,2.0,80.682
2025-03-01T18:00:00,0.0,14.823,5.177,0.0,1.1,0.77,0.2392,66.1173
2025-03-01T19:00:00,0.0,13.979,6.021,0.0,1.1,0.77,0.2782,54.8286
2025-03-01T20:00:00,0.0,13.254,6.746,0.0,1.1,0.77,0.3117,47.1379
2025-03-01T21:00:00,0.0,12.698,7.302,0.0,1.1,0.77,0.3374,41.794
2025-03-01T22:00:00,0.0,12.348,7.652,0.0,1.1,0.77,0.3535,37.3434
2025-03-01T23:00:00,0.0,12.229,7.771,0.0,1.1,0.77,0.359,31.1723
